customer_id,credit_score,number_of_credit_accounts,total_credit_limit,total_credit_used,number_of_late_payments,bankruptcies
79141f17-233e-40cf-92c7-ad469598fb37,770,3,1214.83,30358.03,1,0
fbd410be-a38d-49ed-8142-5d3e8f4d6dc7,823,1,25562.95,33057.73,4,0
fd4409d5-e875-43f1-a59d-bde695e314e5,697,10,43829.93,20999.77,1,1
79a975ca-28b6-41b8-8eca-745cd90f6bbc,363,2,11850.12,43666.05,0,1
2180076e-751f-433d-9077-d846139f87be,407,2,21034.88,73768.77,4,0
af13716c-5998-421a-a426-298b19b505b7,595,5,39690.68,41151.07,0,0
01b7a7c7-d2a9-483e-b3a3-6fc5de974c55,677,8,47960.93,34750.89,5,1
af13716c-5998-421a-a426-298b19b505b7,304,4,39690.68,65038.86,4,0
c4d8347a-44fc-43cf-8776-7f6446e2b654,751,3,16403.99,80294.95,3,1
ba3b8d14-8df5-4a24-a6e4-09f46ed44b11,763,6,8725.44,6931.6,0,1
220597ee-d209-41fc-8a37-3e44874b257b,744,7,24992.91,56397.6,5,1
451ca677-55be-463c-bc07-ee8f63c0738f,334,8,38148.0,83936.64,2,1
e89af364-3cab-4f63-968e-1a451016472e,808,5,1593.73,40263.57,2,0
8ac1b683-3545-41b0-bb43-69ec7dfb2cb4,643,9,25289.99,84419.1,1,1
c614d73c-e05d-4ab3-9541-4aa0a604f9cc,811,9,58495.77,40040.94,2,1
77ff321c-1a04-4905-8ac3-fb756f0ce0a8,785,3,46734.62,138.56,0,1
2c4683ba-0da3-4d7d-b282-133ac0bdd5fd,579,8,36532.95,27930.66,5,0
0a4e6eb7-f97b-4d62-9c95-27d081ffbbc1,604,4,22199.92,64810.12,3,0
92126ff1-9fa1-46c9-82eb-d7728623ee6d,377,1,7771.19,34431.45,4,1
572de2ff-eaaa-4a3e-b1db-d1d548e003be,425,5,35486.74,10456.94,2,0
1f206b2e-2e40-45cc-9bb9-967b19c87c07,747,5,16898.96,71698.0,5,1
15f8850e-5a6e-4090-850f-6aae300ea346,653,5,9156.71,30896.29,2,0
aae026e2-c666-4ca8-987d-c6ccbf376b27,479,8,16375.56,7690.2,2,1
af3aff3c-386f-491a-acf8-1cbf9cd92293,738,4,43176.52,86367.38,3,0
a8294aab-afaf-4b68-a05b-f9e7c42b43fa,431,7,37928.72,43698.2,2,0
99561623-6b83-40db-b3dd-6b4c9f889566,558,8,3436.05,38496.47,5,1
beab03f3-97b7-4fc7-85fe-5c77b4e0bc15,636,3,15721.16,68108.97,0,0
01b6f594-c9b3-4161-a836-fa8f6fc64ca4,668,7,38052.15,24282.53,3,0
e97a0b27-cd8a-421d-8143-588572039c96,631,7,24680.49,48091.8,5,1
128c8b2b-867b-47e6-9a66-a840e744e888,308,6,42568.57,62891.41,4,0
2447e1ba-2da2-4cd5-8a8e-d273ece12e8b,848,1,3230.38,4297.69,2,1
71424523-ff8b-4924-a0a4-e2fc028a3f47,778,10,13769.66,73583.64,1,1
273b6d49-ee2a-4fe9-9a59-c140c02c7a6c,407,8,26284.85,30238.82,5,1
f2aa3b37-ad13-4d8b-8e95-4fc7c5b3a9fd,468,4,13146.89,33847.97,1,0
f58756d5-4071-45b1-821a-fdfd4e57f2b8,843,3,27168.73,58527.07,5,0
829aaeb0-9c85-412e-9d92-ce4d9fad50a7,546,8,14113.98,72836.66,4,0
c7ca5771-866c-43e8-baae-6c5f53be7a04,473,8,43534.85,3632.64,4,0
af3aff3c-386f-491a-acf8-1cbf9cd92293,360,6,43176.52,18289.54,3,1
543b2e7c-1db8-45c7-8080-7b61f7683de2,441,7,39685.63,72650.43,4,1
5f304622-6a21-4656-9aef-5c61a36b8a1f,460,6,28847.82,45827.97,5,1
0315dd41-1295-44b1-a38b-010be0de5466,636,4,15076.21,53926.92,5,0
5dd62ff8-353b-4585-93f1-64233f269f91,700,8,36525.0,570.25,2,0
3ca8bf81-1b0e-45cf-955e-69fbd98043a8,346,6,25314.02,79836.64,2,1
2048b422-b538-4e96-a7bb-b3f659464cf9,675,10,58300.93,56393.03,1,1
2885e5b9-7c46-48f4-b910-2226a8a84175,794,7,24683.85,9226.32,0,0
0686ccfa-6abe-43e6-9506-43e0e670ff13,448,1,19281.44,6853.18,0,1
53ec7d88-1994-49c4-8995-e98cc82dd858,645,6,88255.7,84001.19,0,0
7f6ddd17-abf0-42d8-b8dd-f552b08c90a9,467,3,41253.97,83347.51,5,0
bfba2aaf-70cd-4299-8e30-4130fecadf9a,419,4,25666.46,55096.99,2,1
38351fa8-f152-48ed-9b04-c97f19877c6d,348,5,28070.28,11240.39,5,1
2be268ee-1192-41ed-aedb-85607a48cefb,775,5,48871.03,62633.29,0,1
c0a562e8-35e7-4eef-8ee7-f9b0a6e880af,331,6,13244.89,63168.28,3,0
803b1551-216e-40f3-a7a8-034721508b63,581,4,7168.43,64857.33,3,1
03ea4544-175e-40ce-aa5a-3489452948ca,576,9,13589.27,47796.47,3,1
3f6ba764-3784-4de3-82f6-d134eddba865,338,3,49329.95,59710.55,5,0
606cad82-235f-4c0f-91e3-22ab2c222ad8,621,6,26966.29,71534.02,3,1
42ddb7c9-a321-4a0c-b9fc-8f170ac283c6,759,9,13687.32,6456.46,5,0
ba3b8d14-8df5-4a24-a6e4-09f46ed44b11,669,4,8725.44,60453.49,0,1
30fda442-d2ea-47a5-9fb0-e79dc40de12c,524,1,9474.23,17137.89,1,1
015cd1e7-2bc7-4ba4-b0c6-319ca891e09a,384,8,16891.51,11921.06,5,0
e5b8afa9-0a89-4256-99ec-d0c484228dc4,531,10,11830.34,63771.82,2,1
785c0f4b-7e4b-4c14-90e4-209b44009123,737,2,44690.34,45391.74,5,1
611bd7a9-eee6-4611-9022-f3701d749571,305,4,16806.9,22654.87,3,0
e045c088-f562-4e91-8822-39215e49db10,360,5,6061.81,23089.72,3,1
08c7f351-5d1e-4609-b4e0-67587990d60f,453,9,11384.14,59547.84,4,1
bb96a4e7-6da5-4569-aabf-e5554435bb0c,752,7,21501.84,43198.26,5,1
298b7e5d-5b16-44ad-81e7-74de3c740119,567,4,42572.03,61742.72,3,0
71545a13-7a1d-4006-8d72-3104f77383c1,629,8,48353.38,24447.38,0,1
3245c7a5-981f-4987-b58c-13d41534cf6f,467,3,48821.37,34993.81,4,1
3a5418df-20d5-45d2-8547-94b2ef8a979f,434,7,21521.73,19357.05,1,1
999de596-f92e-4598-b949-4ed2380b431c,366,9,40631.14,86174.46,4,0
4676f792-6ec4-4a36-87a0-2d7cbc1669d6,563,6,78406.43,77171.67,4,1
cab74ebe-2841-46ca-8fcb-cce1a67080d3,373,8,41662.84,75844.3,1,0
463b76af-3c8c-4cf6-bda2-d21f7fe88e46,444,5,46329.58,59638.28,0,1
3ca318ca-3307-40dc-a24c-85db5286369e,562,7,5558.46,69642.62,0,1
7e39cbbc-c3a5-49ee-ad70-13950242a13a,757,9,26743.62,54878.7,1,1
52c6afdf-ed1f-43d5-95d8-9ecb9c263506,574,5,1430.88,5289.4,1,1
94b9aed5-4e3c-4392-b0db-6faf1a8eceb4,341,6,26477.99,73807.85,3,1
81075594-b2e8-4790-a2d6-773cc1ed182d,643,7,17732.17,43026.77,1,0
74151acc-f5a3-4893-bf7a-27482cbb93c2,451,8,45416.31,17050.59,5,0
15f8850e-5a6e-4090-850f-6aae300ea346,521,9,9156.71,45661.69,0,1
e897760d-3957-4df7-96a7-ff80d327ed57,784,3,29440.66,46899.63,2,0
6da71dbe-5806-4698-b1b4-84cc03683f70,380,9,8750.62,58824.38,3,1
9dc7ee45-5f77-43bd-bdff-3ecd83c53bc8,392,9,23901.54,77808.46,5,1
404107ea-8f75-4917-8354-dccd6453116d,765,7,30129.51,26048.1,2,0
92d6ff73-5b3a-4595-8458-92c14e0e15d3,310,7,3376.12,57084.05,5,0
fa2473e4-7913-4d4c-8ca9-05d229746924,734,1,39571.02,9538.22,2,0
6da71dbe-5806-4698-b1b4-84cc03683f70,588,2,8750.62,29076.09,5,1
9dc7ee45-5f77-43bd-bdff-3ecd83c53bc8,368,9,8055.4,33629.24,1,0
4052e095-ae11-4451-9424-384aed2bba13,566,9,1914.06,1947.82,4,0
abf5ad77-6b08-4072-99d0-6c3ffc1c99e2,550,1,9527.43,43854.6,2,1
d3b9b7df-a9e6-43dd-a594-ca045ee07868,340,2,49465.28,62698.16,5,0
2106867b-65fb-4916-8d68-fd5ec022e891,716,5,9512.76,78699.02,0,1
d5ce1a9a-35ca-4a6b-8ce9-22761eac1be9,540,1,35040.73,38650.8,4,0
563526b8-24a8-4541-a247-847bca19fff7,345,2,17192.72,21808.28,0,1
20309683-6214-4e74-a070-5e692c866d5c,520,7,36967.48,19739.85,2,1
3e8fd1e8-b759-448a-9338-6c4ef19a99ec,598,1,46944.08,30602.63,2,0
8a83efc8-9c2e-4562-8916-e844e64ddd91,753,4,28318.57,76933.76,5,0
ba84d43f-3b52-4bb6-a87b-334ca08212e7,472,9,21957.77,32458.15,4,1
a8cb2f6e-ee5e-456e-859e-3dc990c31d60,798,6,30005.32,51753.62,3,1
8a3f761b-2a2e-4ad8-b9c8-9d468203d689,651,1,17886.41,59062.54,3,1
74151acc-f5a3-4893-bf7a-27482cbb93c2,718,9,45416.31,2748.59,3,1
8c8268ff-9988-4d46-b81f-bae65b547acb,397,2,46030.87,62704.74,0,1
55474b26-224c-47be-97d5-cfdbbaebcab1,788,6,47667.12,23884.26,5,1
987eb5db-6bd3-4b23-88cf-d7732e0607c8,459,10,30575.55,65382.78,1,0
c5935e34-dd44-4738-86cd-13166b3b4268,572,4,6399.5,68656.91,2,0
40846a66-98d2-40cf-83e9-7cf8071c6ee3,775,2,19438.04,40343.2,5,0
ef1cc4d8-e21d-4459-994e-36b30e016456,803,4,37168.14,86833.82,2,1
d7189df6-09ff-4e33-b3ae-116821c5e4f2,747,4,46119.29,3220.82,1,1
5c7a0b85-d354-4f53-9420-f4a1c2f44d8e,824,5,9872.91,49855.09,1,1
785c0f4b-7e4b-4c14-90e4-209b44009123,447,10,44690.34,14115.48,2,1
15458985-82d9-41e1-8780-54e17486cfe3,847,4,3521.75,87304.34,1,1
aa07c6e1-b284-4450-bec2-64ee8d6ba9fc,589,4,94532.36,24902.8,3,0
6250e9f9-08d1-4e63-a7e8-aeae24a703e3,303,8,50947.79,82280.74,1,0
66f527b1-58fa-43e0-8d78-041a0847204b,599,5,21258.76,66459.02,3,0
f0230dce-f110-4201-b467-16fbb5da68d4,749,2,47051.92,70732.1,1,1
2cede02f-0114-4577-900f-b0684b3d1b2a,687,2,5808.42,6945.92,3,0
a542f6f0-d593-4d23-933c-1060c2d960d3,654,9,13142.98,38300.41,0,1
7eac13fe-1a96-4afa-acb1-035b262bf187,819,1,84928.78,28075.08,1,1
ec71d172-ce61-45b7-a6fb-9f807c3f9774,330,5,32945.55,37355.83,4,0
024a4381-3446-46b2-94ab-e7992be43e4d,445,6,37208.65,34256.66,1,1
67c016ad-9e4b-4102-bee6-f40d305bf781,552,1,32326.65,35694.37,1,1
3257a80a-e4e5-4c4f-b223-3a76f7bf8f34,541,3,5036.75,5850.44,4,0
3f6ba764-3784-4de3-82f6-d134eddba865,839,10,49329.95,24584.1,1,0
e95a4187-a91d-4c81-9b4d-cf213a390eb8,705,1,38224.0,65570.5,1,1
b7195884-6921-454d-966f-baf3652a6019,347,4,42115.87,35022.66,3,0
5199fe84-ccaf-43a8-901f-b76dbfa40333,490,7,22461.51,32345.11,2,0
ecf75dbc-3f54-4f83-911d-c9fc92162634,679,5,5144.49,22102.48,2,0
a6253a2d-eb6e-44cb-9675-4b23d16bbd95,319,8,29448.83,78806.09,4,1
7739e69b-f8a2-4487-b333-c32e958579ea,329,3,11083.3,16133.09,4,1
882fb74a-52f7-43b1-b254-0830a45fa9d9,704,9,35124.6,9467.23,5,0
d5c20f8f-49d4-430d-ab21-72c6c24d7215,654,6,47706.4,75693.01,2,0
c614d73c-e05d-4ab3-9541-4aa0a604f9cc,757,6,85238.4,53978.47,2,1
e1026c4b-c616-477f-9544-3a0a1c34a8ba,396,2,5482.79,11770.35,1,1
f88b6c3b-75fd-4bc0-8ebb-b017ff12a761,504,9,8964.89,59874.37,5,0
1daadfb9-6e3a-4c51-9d60-38f56b135b25,720,8,41407.67,22790.92,2,0
ccc819d8-70cc-4ab7-9c0c-96a4bfb51388,473,4,36659.95,25861.21,2,1
ea3a5bf3-6994-4c6d-b590-a2e50c780f2f,504,7,4999.19,71762.3,3,0
66f527b1-58fa-43e0-8d78-041a0847204b,658,10,21258.76,743.67,0,0
4214f93c-3152-4057-97a0-4f42fd0d267d,643,6,75974.27,26807.65,5,1
dc1277ef-f437-4d00-a852-92b407cb488b,683,1,40676.49,40564.79,1,1
16f48941-ad28-4c0d-b230-400a386b01c0,492,4,20047.4,19388.18,3,1
3b1b62b5-df62-4909-8e3f-b5c0c54cc68f,441,3,43882.92,21973.23,4,1
2447e1ba-2da2-4cd5-8a8e-d273ece12e8b,300,2,3230.38,86779.88,5,0
b6719865-bbcf-43c4-8e83-1ee851b187c5,708,8,22968.13,81954.45,2,0
dc3f0480-a762-4386-aac9-839409d9bf3b,552,7,4060.52,6052.38,0,0
b7195884-6921-454d-966f-baf3652a6019,534,3,42115.87,54672.89,4,1
f68866c6-1161-424e-b14f-38d8f89d4123,402,8,48352.38,6036.87,5,0
c3c8ad84-7790-4902-b31f-69edd2cef4d3,431,8,16544.36,23974.85,1,1
0acf7827-e5d7-40e9-af0d-15cce38c013a,639,3,33237.55,80879.27,4,1
b6abe494-3a87-402f-9e05-c18194fedd47,708,8,11141.72,63189.34,3,0
3e149e5f-a35c-46b3-9240-3e1dbb8bb9ae,449,8,36204.71,42884.97,1,0
dc36478f-e143-4e73-84ef-5ca7e1961f7a,514,2,1127.94,9125.01,3,0
7d955b3e-b91f-4966-8058-81524a7017c0,510,4,48424.32,87730.74,0,0
60cb9e8d-d8c9-4c66-8e95-377e3fa0f37b,584,5,42815.46,29547.3,2,1
fb87cf23-aecd-4274-97bb-9daa35450dff,697,4,25081.1,69632.25,3,1
1daadfb9-6e3a-4c51-9d60-38f56b135b25,411,3,41407.67,72094.46,1,1
8cde1d25-5c1e-423e-948e-be24a3ebd82f,705,5,44862.12,43325.54,4,0
cc14577b-a816-46c7-8975-0e817947c92f,766,6,15490.59,18416.95,0,0
e89e7808-c688-4a35-934d-6df8b540ced6,457,7,11545.01,89437.63,1,0
5f626f6c-36e8-4a48-b65b-74b88174b1ef,444,7,8097.29,57842.15,1,0
0a4e6eb7-f97b-4d62-9c95-27d081ffbbc1,661,1,22199.92,46365.01,0,1
83448662-04a4-411a-80e1-a7683cd17950,368,7,32469.91,52267.09,1,1
ecda6ae4-18d6-492d-b0fa-9c5b24a4416a,605,9,43709.35,80614.62,0,1
ef1a030c-fba9-4e75-a0f3-7df2a0fe1900,655,10,18080.0,68671.21,2,1
62edc378-ba8f-467e-99bc-bfa64fe97f7b,533,4,43045.08,52136.79,3,0
b67918a3-be3a-4bfa-b415-9f231edcde4d,619,2,34924.38,29465.4,4,1
71899b94-70b6-40c4-86b1-b0ea29db292a,475,5,12664.87,17579.55,2,1
1186da5b-0bb4-4483-a9b6-c5fcdb4fa21f,511,4,17411.02,70570.77,1,0
b97eb522-d3f9-4667-bd41-57b762c271dd,663,10,44183.0,26406.8,0,0
e526aac8-c13a-4633-9414-2d65f83f514c,773,1,38142.35,9874.3,0,1
82132bfe-8210-46d4-8ad7-ab0bc2ab36a7,724,6,23883.47,81217.68,2,0
4fb28a3b-00c4-4be6-bc61-bd88d0221acd,523,8,2674.26,76148.17,0,0
fffa2cb4-535b-4d97-b560-e0a614f078e8,653,5,51283.79,29281.56,1,0
6d618061-9e63-456a-9e2d-d66fc3ab728a,691,3,48426.87,2847.14,5,1
6b19fe49-367c-4666-90d2-5fde29f1ca3a,427,9,18164.5,7691.43,3,0
d5f820ef-2849-445f-8b06-00b0a2f4388a,398,8,25782.77,50534.7,0,1
f46a2906-4075-44b3-8963-522f662b3d4f,622,10,36264.36,50680.2,0,0
59287822-6be8-4f42-a8e0-3a71d5bad1b6,696,10,25631.26,62877.59,0,1
be762471-244b-48dd-9afa-0f1948f88411,616,9,43751.13,81254.5,1,0
1ee41dfb-aac4-4fef-a939-6539037e43cf,722,6,8017.52,39544.32,1,0
6c835975-efa2-4e12-8c83-384811fba56e,394,9,16713.28,21742.75,1,0
2e414839-0044-47f2-8547-1f049d464d29,435,8,22884.55,80598.73,5,1
b38abc8b-8362-4c3f-9c1f-b8d24ca44e46,848,4,12574.1,30729.91,4,1
03ea4544-175e-40ce-aa5a-3489452948ca,553,1,13589.27,52099.5,5,1
26a6c9d6-0912-4343-9611-d688e843acb1,579,1,14985.52,34817.57,4,0
fccb28dc-73f8-4567-96c6-049b94f21d09,693,10,13921.02,6478.93,4,1
b97eb522-d3f9-4667-bd41-57b762c271dd,446,7,44183.0,17821.06,1,0
a903b244-73aa-478a-a0c8-1df36304441e,439,9,17819.87,88239.49,0,0
77bb8407-e88b-4b83-8277-9bb3d0d89dc2,836,5,7351.01,56563.85,3,1
d6195266-9087-4788-bec9-b2a1f628f690,798,2,38488.93,34964.85,1,1
e897760d-3957-4df7-96a7-ff80d327ed57,464,1,29440.66,42159.91,2,0
d3ae882d-b530-4240-8314-a9e64663332f,411,3,15033.28,13754.57,1,0
17fafba0-9a4e-4610-9c5e-a35b866294bf,667,6,38861.89,11589.24,0,0
a23d1742-87d0-4c93-88d9-b6113bc7857d,808,9,20113.16,37713.51,2,0
8fde2a35-2034-4d95-999f-f3c7a1326fe7,750,8,11335.9,33035.32,5,0
3ce8207b-17f3-4b88-b4f4-4dd92f35ddf6,725,5,49806.86,58923.11,5,1
e045c088-f562-4e91-8822-39215e49db10,365,10,6061.81,55165.59,0,0
6daa37f7-791b-4ee8-877c-2eaa2f03a58d,834,3,95718.32,41167.01,5,0
19831cdd-1adb-4087-a0d9-ba7a7caf256d,358,6,1456.19,20291.52,3,0
08ea0e5f-212d-4d40-b4e8-c0e425606a5e,678,6,4576.13,23188.96,5,1
7cd50cd8-133b-49ee-84ae-cc9dc69c0f1f,820,8,27053.43,9857.88,0,1
803b1551-216e-40f3-a7a8-034721508b63,313,5,7168.43,56291.57,0,0
479600c1-2c68-41a0-afed-92693f1f8486,503,8,10748.61,10865.02,2,1
2dc36d21-6ca6-4a54-a8db-b95aff248000,578,8,36919.99,35774.51,0,0
9b21db09-8119-4ab1-822a-dcfbbd328d13,604,2,43719.57,5584.74,1,1
2685b718-cd5c-436c-9199-81ef571f3927,667,10,83917.94,6767.59,2,1
35ea89b3-dc07-48eb-b475-0c52f9f602db,334,5,5407.14,25142.9,4,0
11739873-a904-45ef-98a3-f01780f78648,445,6,10049.34,69621.16,5,0
deff3219-7455-4364-ba80-8acb074b68af,785,5,41651.2,72188.89,5,1
46250ac8-6eab-4e27-b716-46b408435b41,637,4,34708.03,89211.92,1,1
2555d0f8-62aa-42ab-84d6-4ded95a1b3f2,495,3,17541.94,49708.47,3,0
f45da406-bbf9-4b01-a7f9-e728c618fc1e,638,7,8102.82,85639.16,5,0
981cceb2-226a-4243-b157-77000a78ccf5,594,10,17548.54,63392.39,5,0
c030e1bf-6af2-4870-a752-84ad86c836c0,715,6,45794.55,15982.32,5,1
ef4d478a-b195-485b-9a78-dfc0cc401018,700,9,43203.56,20564.64,1,0
658df18f-d5ee-4dd7-96d9-b31501c3ba8a,745,1,19125.69,34066.27,0,1
4b9368d9-6188-4ea0-9e5e-cd0a3cbafcaa,475,6,10021.37,41122.81,2,1
fff4d9e8-46e5-4529-9d8e-58552a45a6eb,807,4,27842.27,59479.62,5,1
81e814e4-0602-4470-9c58-1f715f2f7375,739,8,99041.08,2460.61,4,0
15f8850e-5a6e-4090-850f-6aae300ea346,489,7,9156.71,51845.23,2,0
1a1ec042-71d0-4b0f-a56f-a7e6b5c03f6f,334,1,22164.68,38190.62,1,1
a2e31f81-ae79-41c7-ad0f-3b815861c593,543,2,10007.87,14781.1,5,0
3d4a23f5-5ae3-4099-a395-fda2dd10a4cd,570,6,17049.63,39327.14,5,1
8ec9ea98-6581-4934-9bcf-b1c4f87e3560,708,6,41021.23,43710.91,5,1
1a254c4e-7b21-4b00-9c15-1b782751d213,822,5,45197.62,70318.87,2,1
86a138ee-8e25-48fe-8dd7-21fdb7260e6f,576,8,21272.68,53794.0,0,0
74f232a6-6736-4c0d-b406-b45cac11ec60,593,1,66986.08,8781.65,4,0
bccf6325-5fb1-4236-9b29-1b1fef94250b,651,7,4029.71,30183.6,2,0
937c6786-f115-463c-a820-0fdcd9546f5b,454,10,46853.78,26212.73,5,0
063baca1-8136-4e97-97dd-5e0efa461f9a,634,4,35172.98,46761.76,5,0
8fff1be0-12d2-43c4-9ac1-b2e2d26fd8ff,389,2,6522.05,31845.0,2,0
a2e42327-5901-471f-affc-de2b429f90db,423,3,34858.87,2352.74,5,1
fc3856f9-2f1d-4b37-a747-07ac086e6da6,474,8,17517.09,34782.91,4,0
fde60dd4-54b3-45c1-bf9e-16ef3a0b9373,701,7,37827.07,44641.42,0,1
2328d866-975e-4ac2-b08d-f7c1e20fed4b,318,8,12331.28,63874.86,2,1
9a6a5f92-cca7-4147-b6be-1f723405095c,676,3,14565.83,65027.92,1,1
34262802-3a86-4f0f-8a41-3b6b93b1f6b1,441,9,25004.41,24728.65,5,0
f742653b-67a1-48de-9831-0104c44117e6,306,5,9751.73,36134.2,4,0
42be679f-6e03-49f6-ac9e-c7c53bb8e5dd,764,3,30172.52,18511.8,2,1
97789958-f5ab-4b11-bff0-b97aa1f98f23,470,1,24876.11,85473.09,0,1
b4901da8-af3e-4140-81c9-edfe2ba1c841,309,7,63017.82,79398.98,1,1
cec5cba0-ee3c-41c3-92de-11ed951c7948,807,8,35802.48,45297.85,2,1
1186da5b-0bb4-4483-a9b6-c5fcdb4fa21f,618,3,17411.02,77635.03,2,1
d872298c-7b72-490b-b8f8-f071d360da69,543,7,44109.27,13103.23,1,0
5d89f392-fc7b-46a7-9da2-59c2d1ca7622,666,5,41006.75,46439.77,4,1
1e44da98-35e3-406b-a8b1-56a29a7a1d91,375,10,17929.35,25041.46,3,1
7e78f595-3c62-4604-9dc9-6d0d13930152,561,10,9389.9,76039.65,1,0
9a6a5f92-cca7-4147-b6be-1f723405095c,431,1,14565.83,78319.88,2,0
fffa2cb4-535b-4d97-b560-e0a614f078e8,329,1,74865.6,30052.46,5,1
27b097f3-ed76-41fc-b1e1-6a87a8c90d41,779,4,44715.06,57835.95,2,0
3ce8207b-17f3-4b88-b4f4-4dd92f35ddf6,515,3,49806.86,22432.02,2,0
8cde1d25-5c1e-423e-948e-be24a3ebd82f,572,4,35983.98,87730.5,4,1
b6d06615-f152-4976-a5d6-fb7f4f9afd63,411,6,27495.67,24921.66,1,0
ef31b7de-4cd0-43c5-96f0-99a36a4d8542,454,9,82605.57,85150.08,3,0
9dc7ee45-5f77-43bd-bdff-3ecd83c53bc8,682,9,59975.99,41465.8,0,1
f6ba36cb-f2a2-4c9d-bb7b-c56e890bd8ac,569,2,37191.96,70760.02,4,1
f36c2a1b-0bb4-48c3-96ea-6418b46f0ef1,782,10,10944.57,82690.78,2,1
59ecdf45-e8fd-4503-a613-ae40a727f52d,794,8,44929.66,53805.2,5,0
97789958-f5ab-4b11-bff0-b97aa1f98f23,812,5,24876.11,74544.81,4,1
846819a2-036d-40dd-a39a-28b3c40fd34e,651,7,7779.95,9801.56,5,0
e89e7808-c688-4a35-934d-6df8b540ced6,826,1,11545.01,26230.24,0,1
07dd8826-e193-4242-ae44-5f70b4ab0ff6,373,9,26977.38,76157.4,3,0
b38abc8b-8362-4c3f-9c1f-b8d24ca44e46,506,6,13533.94,31191.33,5,0
99561623-6b83-40db-b3dd-6b4c9f889566,327,3,3436.05,18125.77,0,0
5768ba9a-1fa9-4bd6-af25-cbe207fe7ec8,736,9,83864.95,83537.39,5,0
b6719865-bbcf-43c4-8e83-1ee851b187c5,542,3,22968.13,68837.55,5,1
981cceb2-226a-4243-b157-77000a78ccf5,444,5,17548.54,69663.4,5,0
321c6df7-bb3b-4739-bb0c-091d19da300c,305,2,28518.69,25692.18,1,1
72b8ffe7-09c1-4ae3-85ee-aa53ff5ce505,448,10,9114.09,31294.71,4,1
531da920-5b6f-491a-af9b-10a52e6ff527,675,4,9443.5,76706.13,2,0
f138d2c0-40d5-4e0b-83b4-a1488c6ae2e6,312,5,29244.03,42654.97,0,0
35a10d06-b15a-4171-ae76-375bbd966783,762,6,17391.22,70305.35,5,1
ef31b7de-4cd0-43c5-96f0-99a36a4d8542,556,2,4880.55,70691.1,1,0
9590f037-b24e-4d22-a147-78b913863010,436,6,73091.99,45558.44,4,0
cdb3c99f-5cda-4bc5-9dbc-c13a03cd67d9,595,8,18242.07,67288.39,2,0
9b4e4d66-7327-45ae-9fdc-09fa9d19b58d,314,5,38039.87,12828.22,1,0
ed4879e7-efd1-44ee-b287-c4407881307d,312,1,2914.42,46565.83,1,0
ef4d478a-b195-485b-9a78-dfc0cc401018,612,10,43203.56,23218.36,1,1
4aea3cde-390c-46c3-bd55-0d82be187b30,768,5,2889.69,73455.76,3,1
f0230dce-f110-4201-b467-16fbb5da68d4,769,5,47051.92,30303.37,0,1
220597ee-d209-41fc-8a37-3e44874b257b,564,9,24992.91,73266.68,0,1
51b0a3c5-c9e7-4aba-b5da-3e50822bbc3d,691,4,14311.96,29877.51,3,0
32dde2ab-96a6-41ec-9bb0-7b0ba1f121ab,742,9,4172.18,70698.66,1,0
8dc9cfe4-d164-4c2d-a842-b6a4fb269610,562,6,33636.78,37025.16,3,1
a2e42327-5901-471f-affc-de2b429f90db,590,6,34858.87,2552.65,3,0
2180076e-751f-433d-9077-d846139f87be,639,6,21034.88,14624.23,5,1
afb009ca-06b4-495d-aa69-1a9aabe5cccf,353,3,62927.45,7639.27,2,0
a20d6f1b-85fe-4714-9282-c741b6a870a8,407,6,20151.7,10330.93,5,0
a6ceedc0-ab0d-402a-8fd3-c12a677a31d9,393,7,39536.04,6692.44,3,1
f4226c02-f1cd-4bd9-8cec-1b22c9c8e1f4,683,4,16781.63,64964.13,3,0
07f3d3f2-bd60-4458-af64-12173400132f,800,6,46605.12,1515.22,1,0
08c7f351-5d1e-4609-b4e0-67587990d60f,733,10,11384.14,73971.57,0,1
c998bcff-a708-4c7c-b0cf-ee18d9f136d6,588,8,10429.39,67563.51,2,1
1daadfb9-6e3a-4c51-9d60-38f56b135b25,835,3,41407.67,33574.46,1,1
ae2d33bd-b46c-4a54-be80-def9ec644016,516,5,4928.74,24023.81,2,1
a3ccd99f-706f-4532-8b20-c56fd304d06c,661,8,40174.84,22600.08,0,0
2555d0f8-62aa-42ab-84d6-4ded95a1b3f2,520,6,17541.94,31132.02,4,1
01ce5fc6-32d1-46fe-8f08-963c96248805,529,7,45082.24,84327.27,0,0
325c1827-df19-4370-b832-71ddd91f6f79,569,5,32964.42,70824.24,3,1
fa4619f2-0a8f-4a80-aa61-5a6e815aea9d,371,4,47197.07,24006.78,5,1
00a916cc-f83b-44e5-8fcf-d9cfd1495ee1,333,7,30371.58,81633.11,1,0
66caf67c-4030-4fd5-ab97-bf45be912c39,746,7,15006.01,61173.01,5,1
33251c76-d8ef-45c9-a7a2-d2d0ca3c4050,333,7,20756.07,66848.1,2,1
ae3c36b7-56e0-4c58-9a00-51965c0507ce,518,1,45488.05,34660.07,2,0
95298a81-ce40-403b-88e6-096829271805,552,8,69491.33,20731.94,4,1
202c6145-e466-4d63-88e5-6810f04c95a9,466,9,37144.9,28911.56,4,1
062fe9c7-4663-4f19-916e-32eaf8c07b63,519,6,38827.29,60385.39,2,1
27b097f3-ed76-41fc-b1e1-6a87a8c90d41,506,7,44715.06,22085.4,0,1
c5935e34-dd44-4738-86cd-13166b3b4268,447,7,6399.5,12327.43,3,1
95919900-5e7c-4aad-b3df-770aad0cabfc,336,5,21658.56,87031.77,4,1
a2521f50-a54e-4c8f-acb3-077a6cef5e55,795,4,75043.6,38948.15,5,0
68516ee8-e3e9-4978-980f-caede244055d,450,8,10157.36,36990.19,0,1
8e7bfea5-5101-4f68-91d9-68cf76fd83cc,521,2,32646.61,68279.27,3,0
1cf56bd4-1730-4f6b-a60c-1f461c22a388,558,9,2026.66,78391.38,5,0
c02b3816-2070-4b84-add1-0c2665a593b3,418,8,24493.72,8073.84,0,1
b6abe494-3a87-402f-9e05-c18194fedd47,648,8,11141.72,5989.5,2,0
a4d6f5c8-ea3e-443a-8f6b-084a5ca01e74,665,1,36935.46,45594.99,2,0
7f6ddd17-abf0-42d8-b8dd-f552b08c90a9,675,4,41253.97,32226.66,5,0
272a9612-5de3-4127-8107-a5142600d1cb,642,10,24412.08,16011.55,1,0
8cddf184-dc7d-4cea-8c64-db4b516c7ae3,631,2,15296.45,38383.76,5,1
ba6ac4ba-9187-4dc5-a73b-c3c6124bfc73,497,3,40752.71,42817.22,0,0
4991ac83-fb4a-4248-a64e-89a31b06cbf4,333,9,31004.21,5736.18,0,0
3fe5b348-4a45-4e9b-b5db-795b974a0e14,335,3,4331.52,43509.88,2,1
6987b052-7421-4d3e-8dc3-9412d95e17e1,347,4,42477.72,77799.66,4,0
fd4409d5-e875-43f1-a59d-bde695e314e5,772,8,43829.93,72804.12,2,1
a2334974-746c-4933-aee6-9c71ee166b74,530,5,20075.88,28493.04,4,0
e1026c4b-c616-477f-9544-3a0a1c34a8ba,747,9,5482.79,88737.31,0,0
b49802f8-62a6-4248-ad48-3b5a0ac36ac3,353,6,4044.89,29989.55,1,0
653dc7a6-16f0-46fb-939e-bfec55c7166d,696,4,39809.71,28601.67,2,1
471c44de-c601-411c-9d03-c5d0037d4e96,833,7,5600.87,81071.49,5,1
8ec9ea98-6581-4934-9bcf-b1c4f87e3560,532,10,41021.23,1321.99,3,1
5d463576-b076-47d1-a4f7-8188ab8b1683,814,6,49573.5,4513.63,1,1
74f232a6-6736-4c0d-b406-b45cac11ec60,500,6,18409.21,22828.34,5,0
f742653b-67a1-48de-9831-0104c44117e6,490,8,9751.73,41201.8,4,0
99ad8f5f-6ad2-4a04-87b9-912a7fa4e762,541,4,24998.59,35904.99,0,1
bf301622-daa0-4363-ad53-2bac5ffa8c9e,603,1,35693.24,57011.43,3,0
321c6df7-bb3b-4739-bb0c-091d19da300c,550,7,28518.69,81271.71,1,1
b582bf55-f953-40b5-85cf-ec9cfab3cd59,836,3,30477.88,70065.2,2,1
e6759c13-1a34-4898-88e4-3374e2d796df,540,2,45229.64,4193.41,3,0
2080307a-99d6-4551-92aa-822efaf11768,542,3,8982.84,55988.48,1,0
c9aa3a8f-3b33-4859-9044-d260f17d8157,523,3,48089.63,38928.08,5,0
2328d866-975e-4ac2-b08d-f7c1e20fed4b,567,5,12331.28,56597.42,1,0
ef55e844-00e4-4cd6-9b1c-7ac0641d628f,673,8,5914.03,17941.82,2,1
f46a2906-4075-44b3-8963-522f662b3d4f,605,10,36264.36,36082.91,0,0
bd6b774d-0e15-49f5-bdea-a0c1cc19b2c9,563,7,45475.69,2894.07,0,0
f744bf4f-4e6b-4d38-abeb-af428d38a150,730,6,48027.61,56156.17,2,0
8e4320b2-c76e-4916-9989-08927df0bed3,817,9,41195.79,2073.0,5,1
35a10d06-b15a-4171-ae76-375bbd966783,410,4,17391.22,22590.16,5,1
cad696f6-39ce-4ce0-9eef-e32c78d5a6b2,340,5,49523.13,7313.4,3,0
b0181051-aa68-4596-a7b6-9e7c5bef396d,325,8,33078.19,73058.69,5,0
ceec7e2d-bbdf-42a2-843f-bf37589d431a,577,9,26464.57,88524.54,5,0
bca09ca1-733c-4b58-94b3-92de07d24776,581,5,35645.33,32177.9,1,0
3b851725-d4b2-42e2-aef4-b65d155ff8d3,523,5,63361.51,58514.52,0,1
988d7142-2524-402e-a676-3632adf2e0b9,442,6,27546.21,88053.8,3,1
eac34b2f-f37c-48df-9bb9-b95b1d351a0d,373,6,3365.09,44210.48,3,1
3cc0f2c6-8687-49e2-9543-a9d5ccc4b853,812,1,56437.18,16146.44,2,1
2573473c-cc1f-499b-ad93-525f13b76328,450,7,26287.2,72278.2,0,0
653dc7a6-16f0-46fb-939e-bfec55c7166d,536,3,39809.71,80699.26,2,1
29848885-fead-494a-8b13-9fd6b818ccd6,694,2,33963.29,50607.6,0,1
af13716c-5998-421a-a426-298b19b505b7,511,2,39690.68,80309.74,5,1
ec28ce01-3eab-45ca-9941-0b4f9c2dec72,801,7,28358.35,34295.37,4,0
8fde2a35-2034-4d95-999f-f3c7a1326fe7,832,9,11335.9,21088.77,1,1
c8db89df-a6f0-4f52-b3e2-e524c9576f90,607,9,25337.94,72646.39,1,1
987eb5db-6bd3-4b23-88cf-d7732e0607c8,809,1,30575.55,23761.55,5,0
e3e70682-c209-4cac-a29f-6fbed82c07cd,758,4,15073.92,29569.22,1,0
846819a2-036d-40dd-a39a-28b3c40fd34e,837,7,7779.95,75122.31,5,0
690aae3f-ade5-4235-84d4-09975748c032,442,2,40728.54,43509.57,4,0
a7e0af0e-43a3-443f-af10-3927c3eb0a41,331,5,40651.97,47129.0,4,0
846819a2-036d-40dd-a39a-28b3c40fd34e,786,5,7779.95,40531.7,5,0
56dcae4e-89ec-4252-9f22-6e20db51b281,522,10,32511.33,9618.63,3,1
dbafeb63-375b-4ffa-a1a3-c32f4087f8b3,361,6,44209.89,75654.28,2,0
fe1c51e5-ea31-467a-a168-02053c0a94de,534,9,11352.85,3959.62,4,0
9590f037-b24e-4d22-a147-78b913863010,771,10,30836.55,25388.19,4,0
8d82d8ae-e528-4510-9280-6162cca61e34,734,3,12414.98,71195.79,0,1
226a61dc-9bf7-4163-8c3a-8a168ebc0c79,618,5,52783.34,21697.14,0,0
24d8b7fe-d00c-4571-bf3a-49929d92c16e,691,1,24563.01,25793.22,0,1
e1ef19e7-0534-44ff-a48d-be36cdafb63d,699,1,36126.25,32116.93,0,1
3d4a23f5-5ae3-4099-a395-fda2dd10a4cd,842,4,17049.63,6949.97,3,1
3ece0300-4984-4f02-af08-8b4b648499d4,500,2,36454.56,69916.08,0,1
9b4e4d66-7327-45ae-9fdc-09fa9d19b58d,731,6,38039.87,50084.83,2,0
ec71d172-ce61-45b7-a6fb-9f807c3f9774,506,10,32945.55,35220.83,1,1
3b1b62b5-df62-4909-8e3f-b5c0c54cc68f,579,9,43882.92,86451.4,4,1
28eb7deb-6767-4789-964c-6cd6c61925b0,464,9,45874.76,88101.18,0,0
690aae3f-ade5-4235-84d4-09975748c032,337,6,40728.54,77949.2,2,0
07b0cd36-95f0-4aed-ba15-08e72be3edac,520,9,38804.99,15715.2,2,0
de9f5695-6cf8-4db3-98b3-f261c5f87eff,721,6,28533.25,42011.03,5,0
cd4268e8-a39f-4ae3-a1a4-2380e03c103b,747,3,65563.25,49514.87,2,1
28eb7deb-6767-4789-964c-6cd6c61925b0,644,4,45874.76,6919.73,2,0
01b7a7c7-d2a9-483e-b3a3-6fc5de974c55,637,7,47960.93,45486.03,2,1
9abf3e69-e5bc-47ed-afa6-80100ddd49b7,689,2,88242.64,846.38,2,1
f33ba4d5-77be-44ab-915d-1e716fe65942,587,2,6802.32,14990.18,2,0
64308d4f-3609-469d-bb08-602bedbd3b47,437,6,19436.58,12400.92,2,1
1f6dd549-ccc1-4318-9307-eea78b6bbed4,499,5,37785.43,21684.37,1,1
ecda6ae4-18d6-492d-b0fa-9c5b24a4416a,517,5,20698.36,1374.22,5,1
03c6a61a-537c-42e8-9697-9b20517e0427,377,7,5316.51,35265.43,5,0
b582bf55-f953-40b5-85cf-ec9cfab3cd59,493,10,30477.88,7991.62,1,0
9fc6ec71-c5e8-4460-b965-f4c904dc6357,643,1,48167.79,47175.08,2,0
2080307a-99d6-4551-92aa-822efaf11768,689,8,8982.84,75758.29,2,0
009634b2-15d3-49ba-982d-87e440408119,787,7,24168.12,68544.26,3,1
a8294aab-afaf-4b68-a05b-f9e7c42b43fa,816,1,37928.72,8185.74,1,0
b9ef3e8f-233a-4aa0-9d0f-f93dd743993c,584,5,35213.62,8781.97,0,0
fb87cf23-aecd-4274-97bb-9daa35450dff,729,7,25081.1,76952.49,1,1
9a26bb20-f22b-4726-9226-69b13289f007,709,10,18047.74,23420.68,0,1
c9d33c47-9f34-4c10-b969-99735f4ff9e1,839,10,30331.1,74283.08,5,0
84f0c437-0fbe-472d-8d73-e48039ec46d0,567,4,19233.41,9039.43,3,0
062fe9c7-4663-4f19-916e-32eaf8c07b63,525,8,38827.29,12418.67,1,0
e3d936bf-0a1e-4938-ad38-4bd846c8a642,566,3,20712.75,28108.0,1,0
b6719865-bbcf-43c4-8e83-1ee851b187c5,443,6,22968.13,78796.19,1,0
a163a7cf-928c-465a-bb80-5f4f9a7094dc,764,5,10251.14,11408.84,0,1
deeb01d7-0d42-42e4-9f74-270f5bc7e046,565,6,37485.2,30510.85,5,1
a8c1e28e-9a57-49d7-a32a-f239c6aa4bed,455,5,36874.65,83804.81,2,1
325c1827-df19-4370-b832-71ddd91f6f79,560,10,32964.42,50339.07,0,1
b49802f8-62a6-4248-ad48-3b5a0ac36ac3,823,8,4044.89,87599.11,0,0
08a30261-b675-4bef-ac60-1ff0b0350134,441,10,2059.78,21440.96,4,0
5ffe5273-90c5-422d-8415-e7ebab9c69b5,339,10,31616.09,57126.06,2,1
aac41158-0716-41dd-a7dd-f42ddd761afc,409,1,43108.6,50191.58,3,0
9a26bb20-f22b-4726-9226-69b13289f007,609,5,18047.74,19298.42,3,1
21e698bb-0442-4b74-832a-55fca3b1b89b,792,2,45968.25,12460.86,2,0
7b0cf679-d14f-4b7a-89af-135d24b6e94e,311,9,36646.69,26232.56,5,1
aac43839-e9d6-4ff8-bb67-e1675af28d3d,374,9,24741.27,53855.16,4,0
0acf7827-e5d7-40e9-af0d-15cce38c013a,634,6,33237.55,36318.88,1,1
f4465877-8df2-453c-a0a5-ef3ce0b5e9e0,777,7,47579.67,44708.2,0,1
fff4d9e8-46e5-4529-9d8e-58552a45a6eb,545,1,27842.27,85939.01,4,1
b97eb522-d3f9-4667-bd41-57b762c271dd,849,7,44183.0,15221.7,3,0
68516ee8-e3e9-4978-980f-caede244055d,676,1,10157.36,35920.71,4,0
76e45616-8052-4909-8ed7-1f40a7040c75,402,7,6680.56,89658.24,4,1
25ceb8a9-5a27-4ea3-bd8f-6f0b5eecf190,829,1,22592.87,1139.94,5,0
ea152c50-11fd-4606-9c9c-6f0933c71c2c,386,1,1235.2,32578.53,1,1
049167c9-b519-4f8e-85f8-7f5c71347c31,333,4,25123.5,74461.17,1,0
b1d48b03-91f2-4d42-a965-ff94e15b02b9,692,9,30990.68,4635.9,0,0
b1d48b03-91f2-4d42-a965-ff94e15b02b9,427,2,74444.21,56010.14,3,1
a3ccd99f-706f-4532-8b20-c56fd304d06c,442,8,40174.84,24599.63,3,1
c998bcff-a708-4c7c-b0cf-ee18d9f136d6,812,9,10429.39,22315.78,5,0
ceec7e2d-bbdf-42a2-843f-bf37589d431a,813,9,26464.57,78418.48,2,1
4aa83cd6-5804-4881-9d8c-ca3b62614790,419,10,5167.3,42347.89,5,0
1ab0f832-b40a-47c5-bd0b-5a6547e06c5a,594,4,37006.13,58219.26,3,0
9c1779ef-a757-4367-baee-31d1a5b7a662,685,4,14937.18,11238.49,4,0
09a7f63c-5864-41d4-b2b5-70555de88a6b,348,1,24446.61,75697.11,2,0
77df7ac2-2659-4a08-8638-d48f472ccd6d,481,5,7363.88,17615.04,3,0
864bf9eb-5512-4ad7-8e9b-5b6db36ad750,848,8,15213.76,69166.06,5,0
2a92677c-0d6c-4c24-bf05-9fba625ccc68,657,3,23994.88,12799.07,3,0
2b6b7b42-2950-4326-b644-d1839aabd22d,385,6,23639.47,36914.59,3,0
d5ce1a9a-35ca-4a6b-8ce9-22761eac1be9,384,2,35040.73,68609.69,2,0
3f6ba764-3784-4de3-82f6-d134eddba865,551,2,49329.95,84498.04,4,0
ca585db7-dc78-452c-9065-22f6be47bb51,488,1,27535.42,83859.71,4,0
08c7f351-5d1e-4609-b4e0-67587990d60f,760,5,11384.14,16051.03,5,1
d87f8fab-8eee-4716-85d9-ac1b2b4f425e,531,10,40125.63,39037.27,4,1
41fecb3d-e4aa-47e7-803c-51b26603ceb2,403,3,10221.91,76327.02,4,1
02b24507-cf48-4016-9df5-a1a45f359760,734,10,39183.7,24191.15,3,1
dfea9ee1-2eb4-41ac-8dce-9658d8621586,303,8,29313.97,69044.52,2,0
441c5727-7c7b-4161-9611-128303f90723,530,9,9376.66,8124.48,1,1
914ca75a-b3cd-4e52-aaf6-80271ee29ac7,437,4,15198.42,32018.76,1,0
aac43839-e9d6-4ff8-bb67-e1675af28d3d,772,8,65880.0,47669.17,2,1
dd8c7ad4-f4f0-47ce-8d29-cfc9eb8ec025,377,10,44413.12,43377.42,4,1
fc961495-3051-4587-bec9-787d2a0f12d3,391,10,21311.21,79760.88,3,0
ef1a030c-fba9-4e75-a0f3-7df2a0fe1900,553,5,18080.0,62999.72,2,1
f87f79b8-cb53-41cd-835c-d4c339b24ebb,842,2,39894.63,53195.51,3,1
a2e31f81-ae79-41c7-ad0f-3b815861c593,316,1,10007.87,42555.5,1,1
645101b8-6354-4195-8402-5665d065db94,620,10,47454.13,82114.46,3,0
b97eb522-d3f9-4667-bd41-57b762c271dd,723,9,44183.0,56232.23,2,0
cd4268e8-a39f-4ae3-a1a4-2380e03c103b,659,9,22175.09,42609.28,1,0
57d11a18-15d7-4a3a-8434-f31310d81218,777,8,27380.72,53922.91,4,1
d8ada18a-99e6-479a-a37a-c0fe913096f8,592,10,3604.23,38942.08,0,0
a8294aab-afaf-4b68-a05b-f9e7c42b43fa,487,9,37928.72,64329.71,1,1
f887a123-3263-4d11-b3f2-32a262b7e3e7,834,7,20002.04,19115.24,0,1
9b3bc7cd-cd54-4cfa-a798-6432db9260b7,701,10,29786.52,15257.56,3,0
6506d17e-3ee0-4812-a9c1-7b107c09d01e,580,7,43236.94,32729.57,4,0
44c8fd00-1a0f-4218-9eb8-83257add8fed,379,1,23350.62,31983.14,2,0
8663ff0e-b1cd-4569-8a0b-7061e0def1a0,690,9,31738.09,16934.65,3,1
ef1a030c-fba9-4e75-a0f3-7df2a0fe1900,781,7,18080.0,51394.2,4,1
5cd93adc-6a13-47f7-81b0-72aaea46e602,316,2,34543.28,1559.23,1,1
f5bd2a62-1f55-427a-ab00-3687b94192a2,717,8,26324.47,6261.43,3,1
d7850982-05ba-49a7-bdf7-0f9768a96531,686,3,44240.78,62493.04,1,0
ccddab31-f2c9-47fe-b266-ca585fa22c0a,634,5,16990.05,76773.32,5,0
e5db5572-4aeb-4ac6-9563-7e42845dda87,602,1,38225.54,24121.8,1,1
f54afc1f-b82e-4ce7-8ed6-0e1cc4909ed7,546,3,27427.45,81896.21,2,0
dfea9ee1-2eb4-41ac-8dce-9658d8621586,783,9,29313.97,41964.64,1,0
ef1cc4d8-e21d-4459-994e-36b30e016456,751,10,37168.14,2155.07,0,1
d7189df6-09ff-4e33-b3ae-116821c5e4f2,831,6,46119.29,62023.72,1,1
de9f5695-6cf8-4db3-98b3-f261c5f87eff,845,5,20374.56,40561.41,2,1
40846a66-98d2-40cf-83e9-7cf8071c6ee3,324,10,19438.04,18575.62,2,0
7dd566b3-b78b-426a-ac05-d6fc3322eddc,377,3,16505.38,15189.8,4,1
85a7df40-e5a8-4caa-a36a-614f5812047f,649,5,49222.38,44448.99,5,1
3aeb5bc0-f63d-407c-a9d2-1bf8b1954990,541,7,33199.13,58796.36,0,0
2dc36d21-6ca6-4a54-a8db-b95aff248000,563,8,36919.99,68290.08,3,0
8a8bc03e-fafd-42b8-8b99-0ee7f6714d76,338,7,17612.84,65132.78,5,0
b67918a3-be3a-4bfa-b415-9f231edcde4d,782,6,34924.38,73840.8,0,0
d5ce1a9a-35ca-4a6b-8ce9-22761eac1be9,396,10,35040.73,27439.86,4,0
ccc819d8-70cc-4ab7-9c0c-96a4bfb51388,343,1,36659.95,8667.44,3,0
3fe5b348-4a45-4e9b-b5db-795b974a0e14,768,8,12403.03,41602.2,5,0
e6cd3595-d4f0-465d-bd68-17b638b80611,354,4,29142.18,23580.9,1,0
bfba2aaf-70cd-4299-8e30-4130fecadf9a,407,1,26245.4,2720.66,1,0
3e8fd1e8-b759-448a-9338-6c4ef19a99ec,603,2,46944.08,60945.71,3,1
26c54436-52a8-48bd-a110-9cd15d491cef,570,9,3446.53,9947.03,0,0
f742653b-67a1-48de-9831-0104c44117e6,842,10,9751.73,73143.28,3,1
8f5d03b1-6271-4a42-a109-f5b4ebf168eb,346,6,38107.44,4278.74,0,0
ace19dae-d2f4-4de2-acf6-db00caaa4e48,428,6,38015.46,14511.9,4,0
68b719b5-def4-4187-87b9-854a5f1f15b9,622,6,38400.06,6842.97,4,1
ad2e031d-0fa2-4060-b955-66b556277957,304,3,58719.49,60592.05,3,0
6987b052-7421-4d3e-8dc3-9412d95e17e1,477,5,42477.72,30076.78,2,0
a5565599-125a-4b84-83a0-09fd917b7c40,343,7,24143.51,42900.47,1,0
84f3ffce-29d5-491a-9abb-092d28d483ca,489,2,25959.62,43458.3,4,0
fb9faa0b-34b3-4284-9d91-5117fe4e460f,775,4,9366.72,5519.77,2,1
eb7f4767-eb86-4f71-a693-0daf29b0877d,804,1,33034.86,49814.06,0,1
76863578-4e03-4209-83d4-42a0d3339005,527,1,6978.76,33095.96,2,0
d56da186-ba13-4a52-9bba-3d9bb939626a,810,6,4375.68,26679.32,0,0
5768ba9a-1fa9-4bd6-af25-cbe207fe7ec8,310,8,20847.09,65285.52,1,1
a71e5e39-8f4f-4577-ad37-1c4b16254f07,833,1,15835.2,56788.23,5,1
f0aecab6-364f-4239-87a2-c8958904fb41,792,7,39842.79,10503.16,4,0
4214f93c-3152-4057-97a0-4f42fd0d267d,651,9,17765.01,22054.27,3,0
e6759c13-1a34-4898-88e4-3374e2d796df,755,1,69825.34,61982.24,0,0
5d89f392-fc7b-46a7-9da2-59c2d1ca7622,748,6,41006.75,47803.0,5,1
21007214-405e-4cc7-b7bb-192b9cd67c5b,658,9,14871.83,65922.86,2,1
e4559a4b-38c4-4f94-9c09-b09e5d5df4a8,520,10,15721.7,75361.16,3,0
1ab0f832-b40a-47c5-bd0b-5a6547e06c5a,343,3,37006.13,57756.62,0,1
3ed3bac6-711d-4fe3-b6ae-679c6816c5d4,446,6,49711.89,37534.24,0,0
8cde1d25-5c1e-423e-948e-be24a3ebd82f,631,6,91579.9,89099.89,0,0
f58756d5-4071-45b1-821a-fdfd4e57f2b8,417,5,27168.73,59206.43,2,1
8d82d8ae-e528-4510-9280-6162cca61e34,630,6,4431.01,355.15,4,0
3257a80a-e4e5-4c4f-b223-3a76f7bf8f34,753,2,5036.75,65378.69,0,1
a4edeefd-5140-494b-aed4-e645aaed8b53,488,2,32241.79,47913.51,0,1
8d25dac3-027e-4ba4-9a6b-f590c0ae013e,339,7,19552.39,34697.9,3,1
19831cdd-1adb-4087-a0d9-ba7a7caf256d,520,4,1456.19,51909.95,1,1
785c0f4b-7e4b-4c14-90e4-209b44009123,781,8,44690.34,82555.42,2,1
8bbd5446-7479-42eb-8ab7-175fab24c22d,577,9,44334.93,51771.59,1,0
0d29a273-7f98-433e-8156-903c582ea385,336,8,17579.24,6402.14,2,1
702dc88a-b97f-43bb-becc-040c75ff93f0,344,8,36690.8,15288.4,1,0
634ad5b9-fd72-4908-adb8-a483c65233ab,336,1,42532.09,80209.93,3,0
28eb7deb-6767-4789-964c-6cd6c61925b0,406,8,45874.76,32603.16,2,1
572de2ff-eaaa-4a3e-b1db-d1d548e003be,334,9,35486.74,35610.42,4,0
92d6ff73-5b3a-4595-8458-92c14e0e15d3,620,7,3376.12,72748.03,5,0
6e3964ba-45f2-481c-915e-d5d40a91054d,583,8,19465.4,68139.83,3,0
01cbd9c2-d35f-481e-b648-431fae9e8d03,844,4,3030.48,30195.98,1,1
6342f08b-9a09-4355-b570-3c9412713d40,769,7,7493.82,37238.64,5,1
b6d06615-f152-4976-a5d6-fb7f4f9afd63,613,8,27495.67,59632.81,0,1
a7c6e828-eefe-411a-86c6-4cf833223fc5,508,4,32951.21,86312.75,5,0
01b6f594-c9b3-4161-a836-fa8f6fc64ca4,700,4,38052.15,40287.18,3,0
eb0e9678-f80a-487d-a8bf-0da370eb1aee,738,5,24364.81,32005.47,2,0
3eb74425-c35d-4d07-b329-9c8410c68cfe,681,5,45837.32,8759.91,5,1
c02b3816-2070-4b84-add1-0c2665a593b3,616,1,24493.72,42757.71,5,0
ac582ac4-14f4-4448-b6ff-9d8b07789c67,711,6,6021.74,62331.32,0,1
2f1b6499-0fb2-470e-acaf-85ea20735caf,323,9,92075.81,2724.52,4,1
2f1b6499-0fb2-470e-acaf-85ea20735caf,710,6,79627.55,63322.47,3,1
f4226c02-f1cd-4bd9-8cec-1b22c9c8e1f4,509,2,69144.65,73750.7,1,0
6daa37f7-791b-4ee8-877c-2eaa2f03a58d,351,9,76751.61,6981.4,0,1
28eb7deb-6767-4789-964c-6cd6c61925b0,581,2,45874.76,9678.44,5,1
13e34b3d-3d94-4990-b092-a5ff948c2d43,325,10,37173.27,10755.49,1,1
0a8c46c7-0921-4f4f-9edb-95f2c787ddfb,404,1,40630.36,7933.56,4,1
242bb275-788f-4e80-bb00-a6d0fa986a34,391,2,27132.62,19544.24,1,1
1f6dd549-ccc1-4318-9307-eea78b6bbed4,396,7,37785.43,71619.12,0,0
4052e095-ae11-4451-9424-384aed2bba13,796,2,1914.06,3180.21,4,0
b5df1a9d-a2fa-4159-8827-e218059ee7ba,373,9,47961.01,2295.42,5,1
d32576a7-a529-42db-a6f7-33b41724d5d4,841,6,1799.94,5605.79,1,1
6d618061-9e63-456a-9e2d-d66fc3ab728a,838,10,48426.87,29044.22,2,0
79c32574-c3eb-4ff7-91f8-584c79a46acb,781,8,10040.53,33669.7,2,0
0315dd41-1295-44b1-a38b-010be0de5466,371,3,15076.21,75479.66,3,0
e1eb285f-f837-4e57-bc94-24349370e716,569,9,13726.24,82177.87,3,1
d88cf5ba-5f69-4b4e-a67c-e9c1166fca8f,347,4,45259.61,54783.33,4,1
f68866c6-1161-424e-b14f-38d8f89d4123,484,7,48352.38,64624.35,2,0
a71e5e39-8f4f-4577-ad37-1c4b16254f07,666,10,15835.2,61681.5,0,1
aac41158-0716-41dd-a7dd-f42ddd761afc,582,5,43108.6,88675.05,2,1
2dc36d21-6ca6-4a54-a8db-b95aff248000,736,7,36919.99,58864.84,5,0
690aae3f-ade5-4235-84d4-09975748c032,683,8,40728.54,1664.72,1,1
01ce5fc6-32d1-46fe-8f08-963c96248805,748,2,45082.24,87668.46,1,1
b766443f-a245-4f92-bbd4-34fafbbbb0c9,690,9,20906.45,65974.81,2,1
914ca75a-b3cd-4e52-aaf6-80271ee29ac7,421,1,15198.42,73333.52,4,0
e6256403-bf3d-40bb-b66a-c168b4a1ca79,425,2,37101.73,62538.12,1,1
5c7a0b85-d354-4f53-9420-f4a1c2f44d8e,612,6,9872.91,38329.91,4,1
ba438516-e711-4ff9-8e6a-d8a8a17dacb6,480,1,43544.03,13982.99,5,1
28eb7deb-6767-4789-964c-6cd6c61925b0,537,8,45874.76,62443.38,2,1
99f7e937-b48e-4d64-8e93-e03e2f071432,764,6,4239.92,34631.79,5,0
b45da74d-f8e0-4437-b10f-b7eaa3375c22,806,3,29857.01,23180.38,4,0
c9249c3a-7783-4810-8b80-5cdddf807a41,354,9,48778.86,25301.88,4,1
a2bd6dd6-cdd6-4b39-bb76-f1b254fc5281,462,4,5991.15,4180.09,2,1
21ee302e-974d-4d49-9bc6-98825a7c831a,714,4,9209.71,61956.12,3,0
7acdc2ac-3046-4558-8302-d5026e6dc60e,411,7,15932.17,20256.74,5,0
207f0cef-e889-4880-a6df-8eab7fdd0a08,719,10,59628.32,81685.64,3,0
ea376232-0571-41b1-aabc-f51fbc9105ee,694,3,6005.63,56749.25,4,0
3cd80190-04a5-4c46-b84f-d2cb866b981c,428,6,63437.39,19061.84,1,1
531da920-5b6f-491a-af9b-10a52e6ff527,592,7,9443.5,84947.86,1,1
24d8b7fe-d00c-4571-bf3a-49929d92c16e,449,1,24563.01,60043.59,3,1
183360fd-7d25-49dc-acec-b8507ff8d12f,669,5,15924.82,5122.67,0,1
c02b3816-2070-4b84-add1-0c2665a593b3,355,9,24493.72,24575.63,5,0
376acba9-139c-47c9-91bf-d715febe8ad0,784,5,22573.22,42133.08,3,0
1e44da98-35e3-406b-a8b1-56a29a7a1d91,792,4,17929.35,32565.25,1,1
ec1f0b43-5cfb-4d00-bea3-e89bfe8b9dde,535,6,79699.25,27247.73,1,0
5c7a0b85-d354-4f53-9420-f4a1c2f44d8e,652,10,9872.91,40854.45,5,1
e5a15243-c728-4f15-b5cb-b690735b3a80,711,10,4053.11,37722.56,3,1
f141f687-1660-40d5-ace0-69b2ab8cb1d3,839,3,20879.97,2734.89,3,0
ef4d478a-b195-485b-9a78-dfc0cc401018,438,8,43203.56,81116.56,5,0
8cde1d25-5c1e-423e-948e-be24a3ebd82f,654,2,51516.2,16201.84,2,0
77bb8407-e88b-4b83-8277-9bb3d0d89dc2,763,5,7351.01,65371.14,5,1
1df73276-35ba-4da1-98d0-cbb77844e648,683,6,36283.43,83824.99,2,0
d7117bad-a0ea-484c-9a7e-c25c511505aa,367,8,35515.03,38547.31,4,0
1b323b5c-91bd-4fdf-84cd-7d57359b05fa,657,5,7680.19,20316.21,2,0
a2e31f81-ae79-41c7-ad0f-3b815861c593,761,8,10007.87,46756.58,4,0
2bdeeefe-495e-4e7c-ac7f-9f90a2d6d8c8,718,3,2270.47,77720.33,1,0
36b823a7-719d-4bf2-a2b6-51988e65e146,327,3,10791.43,9082.53,1,1
634ad5b9-fd72-4908-adb8-a483c65233ab,832,5,42532.09,4871.25,4,0
83448662-04a4-411a-80e1-a7683cd17950,616,1,32469.91,52702.6,4,1
411b97ae-a2f7-4445-a1e5-a0f8c6c3a411,403,3,49667.05,65924.72,3,0
84f0c437-0fbe-472d-8d73-e48039ec46d0,437,10,19233.41,7196.65,1,1
3e8fd1e8-b759-448a-9338-6c4ef19a99ec,602,5,46944.08,64180.77,4,0
0a8c46c7-0921-4f4f-9edb-95f2c787ddfb,398,3,40630.36,71312.09,0,0
8d25dac3-027e-4ba4-9a6b-f590c0ae013e,479,6,19552.39,78434.86,1,0
f64de3c5-daa6-435e-9afa-144d96ad252f,513,6,16452.2,6640.15,0,0
a84cd94a-656f-475e-9969-1df6be961834,343,8,35303.29,30562.6,5,1
1117bacb-6e88-418c-a99e-12fe095c2be6,624,2,28012.58,38113.36,0,1
100aef24-0dd1-4beb-9d98-abc9eae9c546,354,4,63538.33,34161.71,2,1
91fb62ff-e34b-424a-9d71-088d22a0da08,576,1,19878.21,81337.79,0,1
58fd9c66-4a93-4c0e-a2e8-440aafc9468a,757,3,2741.07,72637.82,3,1
ec987a46-2a55-41ed-bc1f-ed8b2008098f,626,4,11126.95,64071.52,0,1
6c835975-efa2-4e12-8c83-384811fba56e,401,8,16713.28,55559.67,1,1
afb009ca-06b4-495d-aa69-1a9aabe5cccf,694,3,6436.48,7887.95,4,0
acbb7851-e77c-4236-8906-a58fda8d811a,522,1,6848.23,40462.1,3,1
a60153ea-22b5-4f97-ab48-6220e354f6ae,734,10,28843.27,41691.77,0,1
73d1b73a-1c07-4f25-987c-2305c726049b,683,10,48245.28,71827.89,3,1
eb7f4767-eb86-4f71-a693-0daf29b0877d,753,3,33034.86,32382.39,0,1
8a2c3de2-983c-46cd-b463-a71f4eaac764,670,6,14844.15,78562.34,4,0
42be679f-6e03-49f6-ac9e-c7c53bb8e5dd,515,2,30172.52,58321.93,0,1
43293bd7-c422-420e-a4bd-1afab2ef2d5c,635,9,10599.86,29766.58,3,0
81160efd-454e-46ac-b3a9-e6c716b7fd1c,404,10,45252.07,41934.55,2,1
0315dd41-1295-44b1-a38b-010be0de5466,639,8,15076.21,72058.43,4,0
eb7f4767-eb86-4f71-a693-0daf29b0877d,500,10,33034.86,61130.3,0,1
208abae1-84f9-4239-ab99-2d04c9e4f5a7,659,1,19931.76,85503.04,2,0
7b0cf679-d14f-4b7a-89af-135d24b6e94e,423,9,36646.69,1999.14,5,0
dbd61b32-865f-43ce-8dbe-996ef31a5950,520,1,29836.1,45434.46,3,1
82132bfe-8210-46d4-8ad7-ab0bc2ab36a7,636,8,23883.47,33832.29,4,1
3df42e3c-205d-4e06-b0b5-07863c5df17e,485,2,31824.43,71127.33,1,1
68946f84-035e-4e2c-9659-4d9aec999e7a,509,10,45203.98,68963.05,4,1
e897760d-3957-4df7-96a7-ff80d327ed57,333,4,29440.66,44687.17,0,1
fc3856f9-2f1d-4b37-a747-07ac086e6da6,307,6,17517.09,18520.27,0,1
a012368c-8f40-4920-952d-ea7394f6ca78,355,4,32483.89,19871.58,5,0
3bec5e3f-c3c4-4f18-957c-01e89b0d2404,447,8,37562.45,80969.42,1,0
0266696b-5c2e-4774-9c86-9089b2d94e63,783,4,39817.86,16804.89,4,1
24d8b7fe-d00c-4571-bf3a-49929d92c16e,562,3,24563.01,28654.64,1,0
84a3964a-4529-4b48-87ce-e3ed9cd6d1d8,563,5,79112.62,11535.87,1,1
0d29a273-7f98-433e-8156-903c582ea385,630,1,17579.24,78388.5,0,1
5d568d18-6a2c-4dda-b5c4-d2d1ceb965ab,672,6,32948.19,50693.86,4,0
9a26bb20-f22b-4726-9226-69b13289f007,482,4,18047.74,70031.78,2,1
58c05823-2d89-4ff4-9fc9-0fa26fff00ba,558,9,26341.6,16142.44,5,0
061bbb7c-737a-4dc4-a3b2-8a58b5545b0c,335,2,46308.5,62876.35,0,1
9756fdbf-b5c9-4b54-9915-4536823e3f4b,478,7,37814.56,53126.35,4,1
ff0152c2-ffa3-4b8e-bc9b-35d5beb49094,583,7,49900.21,2456.51,3,0
575b4bda-b865-42e8-af00-d1fce941ff6e,661,3,28038.23,2450.87,5,0
1db53334-fb03-43a1-9576-d4155ec17dbe,839,2,31488.69,42387.25,0,0
376acba9-139c-47c9-91bf-d715febe8ad0,653,8,22573.22,79746.42,2,1
ba438516-e711-4ff9-8e6a-d8a8a17dacb6,346,9,43544.03,58480.22,4,0
ba6ac4ba-9187-4dc5-a73b-c3c6124bfc73,619,7,40752.71,57297.62,2,0
e2ddcca8-2eb8-4481-aa13-bb908ce8b242,430,6,25189.73,43045.7,2,1
8f1df6fc-3803-40fc-b302-0be7f86445d7,485,8,9063.9,38914.34,3,1
cab74ebe-2841-46ca-8fcb-cce1a67080d3,521,4,41662.84,7193.9,0,0
9857505d-e5ea-4244-a7dd-a5b486364fba,582,2,36390.05,45894.94,2,0
634ad5b9-fd72-4908-adb8-a483c65233ab,609,10,42532.09,31343.19,5,1
c3cb7a8d-4bb1-4dc9-83a5-9f548a5622d5,484,6,18019.9,74860.81,5,1
26ae1d34-3421-497d-a683-8040a9ad16dd,414,4,4982.1,22405.13,5,0
50238e52-16da-4f3a-8f9b-fd2f42965ded,526,4,24607.74,85973.12,4,0
4ae302f3-b31e-4be8-a3ef-802edf8693ce,440,9,27131.42,52956.24,4,0
d763b159-ed9a-489a-9085-2f4f0b09ec41,531,1,32082.71,51875.38,3,1
dc821527-1da3-47e2-8ad6-e514ccc14d51,398,4,28728.56,33049.37,4,0
78acc5fe-bede-4a05-9606-c5d07870ebaf,827,1,30445.79,35754.47,3,1
d88cf5ba-5f69-4b4e-a67c-e9c1166fca8f,516,7,45259.61,74466.1,1,0
663b1799-59de-42a0-a8a3-b05f453875f4,495,5,9264.57,74811.94,3,1
b3e19908-93f0-44b4-b871-38d463416865,782,9,10443.93,11504.58,5,1
05283e90-fd21-4213-b911-36d16b49d6af,658,8,667.19,81592.68,4,1
6e1625f3-4b44-44b5-8700-6868578e651a,469,1,10043.4,23538.45,0,1
a6ceedc0-ab0d-402a-8fd3-c12a677a31d9,475,1,39536.04,31177.96,5,0
f5bd2a62-1f55-427a-ab00-3687b94192a2,551,6,26324.47,12458.86,3,0
30fda442-d2ea-47a5-9fb0-e79dc40de12c,808,9,9474.23,53428.82,3,1
1a254c4e-7b21-4b00-9c15-1b782751d213,341,5,69045.69,7555.06,4,0
273b6d49-ee2a-4fe9-9a59-c140c02c7a6c,415,9,26284.85,19836.41,1,1
deeb01d7-0d42-42e4-9f74-270f5bc7e046,674,10,37485.2,52205.01,1,1
68946f84-035e-4e2c-9659-4d9aec999e7a,331,8,45203.98,22055.0,2,0
8d27e62e-43e0-486e-b903-a5cf53f04cfa,540,4,15980.55,75673.04,4,0
59ecd69b-28d8-4e83-a7d8-62efb30381d6,805,6,55213.83,9688.02,4,1
0a4e6eb7-f97b-4d62-9c95-27d081ffbbc1,589,7,22199.92,38712.1,2,1
fcb43124-ee45-4b64-b552-1688a4044113,561,9,47374.09,14388.71,2,0
8b90e338-aa1d-4c69-aa92-8f3a156779ff,320,1,42026.97,40180.21,1,0
a7c6e828-eefe-411a-86c6-4cf833223fc5,844,3,32951.21,36492.22,3,1
20dd1bde-0703-410f-bb33-a5524898c45b,581,10,48259.92,33045.82,5,0
be3344a0-bb1f-4311-ac9e-d81435c92d95,403,5,9383.19,27888.86,0,1
27ba334f-90be-48d5-9aa9-70d9801abff7,467,8,55203.48,9630.26,3,1
d8dc4315-b3a0-4471-a452-185e228559b5,449,9,32290.89,40659.31,4,1
242bb275-788f-4e80-bb00-a6d0fa986a34,341,2,27132.62,33587.3,4,0
93728acd-78b5-4d22-8be9-ca94cf827d9a,443,2,2906.57,35015.17,5,1
ff0152c2-ffa3-4b8e-bc9b-35d5beb49094,788,8,49900.21,72519.68,5,1
00a916cc-f83b-44e5-8fcf-d9cfd1495ee1,589,10,30371.58,26311.48,4,0
988d7142-2524-402e-a676-3632adf2e0b9,651,8,27546.21,54005.74,1,0
c17346e3-0195-4fc0-966c-812feac2a373,465,6,18152.37,894.94,0,0
451ca677-55be-463c-bc07-ee8f63c0738f,849,7,38148.0,17601.91,4,0
e316d70e-3e63-49cd-8fda-aa9c2a2e19d9,339,4,7917.03,77252.21,1,0
8a34d6d4-8dc7-4aa7-a2ee-475c688a1c81,642,6,2174.92,6890.21,0,1
fffa2cb4-535b-4d97-b560-e0a614f078e8,842,3,43658.05,9173.2,4,1
8fff1be0-12d2-43c4-9ac1-b2e2d26fd8ff,386,3,6522.05,37124.13,1,0
3bec5e3f-c3c4-4f18-957c-01e89b0d2404,391,6,37562.45,33850.33,4,1
bd60bb3e-bd45-442f-adb6-cc9a6735f356,367,9,40297.2,86841.89,3,0
999de596-f92e-4598-b949-4ed2380b431c,443,8,40631.14,83325.85,1,0
8f42cebe-23b8-40f3-b7cb-1a27974fdedc,357,4,24224.02,62785.09,1,0
7bf5d9b7-2f9e-4505-b863-096b6bf54aaf,582,9,40011.97,68594.3,1,0
4214f93c-3152-4057-97a0-4f42fd0d267d,513,7,13033.07,5834.11,1,1
93728acd-78b5-4d22-8be9-ca94cf827d9a,379,1,2906.57,29270.05,0,0
2a68a671-e9df-4835-9871-7fe53edccce0,590,10,43242.62,44789.38,0,0
ea1efed8-deb6-4425-99f5-8f7aba5ae8b5,510,9,39859.51,31847.95,5,1
e9ab3ba4-4399-4202-83b8-d1d00bd0ce6d,633,7,10084.9,15881.71,4,0
dfa149a3-5ca8-4882-94d9-159b83c8fd27,321,6,32203.36,69230.12,2,1
1f206b2e-2e40-45cc-9bb9-967b19c87c07,763,8,16898.96,63565.4,2,0
ac49ab86-db7a-4001-82c4-195841231a10,335,4,98533.19,73389.25,3,0
bb3cb9f4-82fb-40a4-9d50-ad8c07fb941f,578,10,92502.91,25571.67,2,1
fb87cf23-aecd-4274-97bb-9daa35450dff,698,10,25081.1,73695.53,1,1
e5db5572-4aeb-4ac6-9563-7e42845dda87,640,5,38225.54,67017.33,0,1
61f81686-74e3-4620-a32a-f654bf686190,425,4,48032.33,83779.91,2,0
25ea3e2e-e9aa-48e5-8eea-4b246bec663f,714,10,97672.6,43504.2,4,0
582592e1-0d1f-40ad-830a-2393604c83ca,816,6,16538.72,6938.88,4,1
03ea4544-175e-40ce-aa5a-3489452948ca,825,7,13589.27,29132.04,5,1
2ce445f6-35b9-4b1a-9356-4e09ceb31213,647,4,9931.29,17090.65,5,1
8bbd5446-7479-42eb-8ab7-175fab24c22d,342,5,44334.93,83687.01,5,0
27bea4db-a1b2-4a92-bcdb-e1056c441570,389,7,13845.16,56913.2,2,1
3ed4d4f8-2d44-44b2-b0c8-6488eb3c5c6e,802,6,8469.65,70158.26,1,1
404107ea-8f75-4917-8354-dccd6453116d,688,9,30129.51,15568.81,5,1
272a9612-5de3-4127-8107-a5142600d1cb,404,4,24412.08,72046.61,1,1
01ce5fc6-32d1-46fe-8f08-963c96248805,316,8,45082.24,2324.06,1,0
bc4dcfb8-84e0-40bf-bf07-1836a0f96f33,774,8,67093.56,71881.82,4,0
0acf7827-e5d7-40e9-af0d-15cce38c013a,649,6,33237.55,34057.07,5,0
00a1402e-57e7-4f7b-8486-10cfd21276c2,424,1,22970.69,36727.1,3,0
4e77987c-8fa2-4d17-a202-8f89f17b748e,519,2,37097.15,32413.39,4,0
42dfd6cd-45ac-445a-a0fc-644418443348,624,9,42945.05,31486.49,1,0
2a6f1e47-5b61-492b-9cf6-00ec1c3c8d35,454,2,32854.87,53514.16,5,1
6a2465cf-16c2-44aa-b2f7-8920dd7516f5,605,10,44890.26,25689.76,2,1
b8ea558f-1a1e-445a-bf58-abbd31453f8d,821,8,37015.34,89608.67,0,1
d60421ef-a590-41fe-aa17-79f8decc3e6a,817,4,47643.38,28998.83,0,0
5b96a17d-6c86-44ba-8d3b-1163e039c1a4,375,7,3643.15,58735.7,0,1
e5db5572-4aeb-4ac6-9563-7e42845dda87,319,10,38225.54,8524.79,5,0
fb8b2961-75a0-4841-b71f-2417575812c8,558,6,26937.57,88719.89,4,0
dbafeb63-375b-4ffa-a1a3-c32f4087f8b3,680,5,44209.89,50707.74,2,1
32dde2ab-96a6-41ec-9bb0-7b0ba1f121ab,487,1,4172.18,35473.63,3,0
bc8c5acf-1788-4bd3-86c7-3935b1353546,695,7,30735.54,54834.69,2,0
0266696b-5c2e-4774-9c86-9089b2d94e63,317,9,39817.86,83310.73,4,0
1df73276-35ba-4da1-98d0-cbb77844e648,793,10,1865.5,40287.0,1,0
fdbbadaf-a758-4a63-884e-000350463dca,707,9,11169.66,83140.82,2,0
308718f0-6fdd-466b-9ee4-515354bacbb0,803,2,4737.73,81710.67,3,0
99ad8f5f-6ad2-4a04-87b9-912a7fa4e762,387,1,24998.59,260.31,5,1
f141f687-1660-40d5-ace0-69b2ab8cb1d3,364,10,20879.97,60704.82,0,0
cd073934-be8c-40f8-8b98-3444b1d2fc5b,300,7,7704.76,86831.76,2,0
70416745-cc36-4c4e-b7fd-f9609b42cb82,331,1,1801.87,39157.56,0,1
e5db5572-4aeb-4ac6-9563-7e42845dda87,364,5,38225.54,11285.4,2,0
b0f732f7-eb50-45f1-94d0-a31fe1df3b76,720,1,39629.68,25960.19,0,1
3a0d4b21-1bc7-40c8-b881-b41ae5bfb90d,596,8,41041.89,58127.19,1,0
2823ef24-d1ec-4803-9bcf-83a17fa876af,461,4,19241.71,18414.12,2,1
7acdc2ac-3046-4558-8302-d5026e6dc60e,442,5,15932.17,82676.1,0,0
a5565599-125a-4b84-83a0-09fd917b7c40,334,8,24143.51,26113.03,5,1
7f0ad20b-5366-4c1d-a515-398c8e56f251,850,3,33667.18,11855.14,1,1
1a254c4e-7b21-4b00-9c15-1b782751d213,719,4,69193.18,16560.16,3,1
07c6bdbe-3785-4c6f-bd2a-8ffe8a09025f,329,6,30223.34,82095.23,1,1
8f3d47e9-a8e9-4553-8094-7ababa8e3ade,422,5,20729.6,69101.05,0,0
5b1ac78e-6d8e-45b6-8306-e8b95c348f48,598,9,17618.08,18962.96,0,0
e897760d-3957-4df7-96a7-ff80d327ed57,542,5,29440.66,6704.99,2,1
015cd1e7-2bc7-4ba4-b0c6-319ca891e09a,635,1,16891.51,69772.33,3,1
f0aecab6-364f-4239-87a2-c8958904fb41,631,8,39842.79,11243.05,4,0
5805ab33-8ba5-471d-84b0-2563ded78da4,460,6,29142.93,86172.64,3,0
2adfd824-edae-4c39-aa9e-062a9b89bf0d,482,4,26179.75,59735.84,2,0
9b3bc7cd-cd54-4cfa-a798-6432db9260b7,341,3,29786.52,52728.21,1,1
07ee05ad-e63f-4a29-9877-696a6c38ad39,445,9,38830.66,15275.65,5,0
81075594-b2e8-4790-a2d6-773cc1ed182d,671,10,17732.17,75298.82,4,1
e6cd3595-d4f0-465d-bd68-17b638b80611,360,9,29142.18,51307.07,0,1
cdb3c99f-5cda-4bc5-9dbc-c13a03cd67d9,518,9,18242.07,67185.42,2,1
b3e19908-93f0-44b4-b871-38d463416865,844,9,10443.93,42903.36,3,0
c5bbb959-40a2-4403-bbb8-e582b9196453,566,9,19046.61,59993.21,0,1
67f69d5b-54c5-4344-9888-84eed7819ccc,786,4,30467.23,39222.63,2,1
ce03a34d-a022-4fee-843f-b606e8b7e2da,589,8,23696.84,46663.78,4,1
f84b85e7-da12-4d3a-bcaa-db1a7dcd07ad,674,6,5873.6,9801.94,2,1
9857505d-e5ea-4244-a7dd-a5b486364fba,485,8,36390.05,89041.65,2,1
ecda6ae4-18d6-492d-b0fa-9c5b24a4416a,341,7,13744.41,29997.87,0,1
93e4a54f-9a4a-4ab9-8f8e-eff9649d8a0d,646,8,47899.61,84754.3,4,1
a0be6ac0-010e-4920-97da-03ce95a9248a,823,3,3352.06,5538.94,5,1
f2992e2e-4e88-484b-bec6-df86a9e75c72,426,9,9123.47,66124.88,2,1
cd4268e8-a39f-4ae3-a1a4-2380e03c103b,662,10,54855.58,71925.42,3,0
dd8c7ad4-f4f0-47ce-8d29-cfc9eb8ec025,628,8,44413.12,16265.49,0,1
b96c8669-9e0b-4f7e-971e-ff9ddce90ad4,708,2,48880.08,8042.75,5,1
8ec9ea98-6581-4934-9bcf-b1c4f87e3560,302,5,41021.23,65545.87,1,0
8afdd391-cc41-45e1-ac15-8742e7deda7b,547,5,4912.38,834.14,0,1
ace19dae-d2f4-4de2-acf6-db00caaa4e48,337,10,38015.46,40632.09,2,1
6cea82d9-d312-41ab-8228-167b34bd9386,320,2,9506.93,89134.55,0,1
f2514fac-a10b-4dd5-9070-4f7c2c854b0c,597,8,17156.28,53666.62,0,0
4fc5d572-844e-428f-8fc0-86959402cca1,306,2,14386.06,87205.66,0,1
fc3856f9-2f1d-4b37-a747-07ac086e6da6,485,10,17517.09,10262.3,5,0
b9ef3e8f-233a-4aa0-9d0f-f93dd743993c,811,2,35213.62,76155.54,1,1
653dc7a6-16f0-46fb-939e-bfec55c7166d,494,4,39809.71,30609.61,0,1
c9d33c47-9f34-4c10-b969-99735f4ff9e1,372,7,30331.1,20211.79,0,0
352bb050-c96f-4cb3-8b4a-a71d9b73f94e,842,8,830.94,30909.8,5,0
9269d459-e92d-40d8-9553-c77b8dfb3ddd,531,8,46058.96,41676.31,4,0
b97c9029-ddf0-4312-8bb7-89b41be62446,723,7,38715.79,74672.51,3,1
8c8268ff-9988-4d46-b81f-bae65b547acb,625,2,46030.87,54320.02,4,0
634ad5b9-fd72-4908-adb8-a483c65233ab,775,1,42532.09,25131.01,1,1
09a7f63c-5864-41d4-b2b5-70555de88a6b,817,1,24446.61,89574.27,0,1
0212585b-0b2f-4580-b3f0-53233bd5f8a2,384,6,46319.65,23618.1,4,0
17fafba0-9a4e-4610-9c5e-a35b866294bf,741,2,38861.89,70098.59,5,1
645101b8-6354-4195-8402-5665d065db94,342,8,87396.98,29310.86,0,0
74376374-98ed-451a-94f9-6ccb48fd92b0,540,1,14131.9,37038.98,5,1
6d618061-9e63-456a-9e2d-d66fc3ab728a,474,10,48426.87,74195.73,3,0
509dbfdf-944e-43df-8a12-d0df3988ba0f,592,4,35160.15,14884.33,2,0
3f6ba764-3784-4de3-82f6-d134eddba865,530,10,49329.95,87453.6,3,1
29685a0e-646e-48a9-81f1-011b69d36af7,319,7,21818.3,1833.01,5,1
b38abc8b-8362-4c3f-9c1f-b8d24ca44e46,846,3,54562.97,42159.6,0,1
8f42cebe-23b8-40f3-b7cb-1a27974fdedc,598,7,24224.02,46965.45,3,0
7b0cf679-d14f-4b7a-89af-135d24b6e94e,328,4,36646.69,19614.67,0,0
8663ff0e-b1cd-4569-8a0b-7061e0def1a0,390,7,31738.09,77719.42,2,0
ef1cc4d8-e21d-4459-994e-36b30e016456,781,4,37168.14,19392.04,2,1
2328d866-975e-4ac2-b08d-f7c1e20fed4b,529,2,12331.28,57234.59,3,0
b9c4abb6-a6a9-4aab-ac81-1d57b2835bff,578,2,92233.8,57795.29,1,1
e897760d-3957-4df7-96a7-ff80d327ed57,358,4,29440.66,23066.53,0,1
f138d2c0-40d5-4e0b-83b4-a1488c6ae2e6,845,2,29244.03,18248.18,1,0
fe16e873-7f4c-4c19-ad85-fd8d2a178137,728,7,40099.24,77907.37,1,1
26c54436-52a8-48bd-a110-9cd15d491cef,740,8,3446.53,34219.71,5,1
2a92677c-0d6c-4c24-bf05-9fba625ccc68,323,9,23994.88,46652.62,1,1
9ef53269-4b99-43e9-a90a-ba616745d6e9,435,7,8255.29,28198.48,2,0
55ac25d3-b043-46bf-a5d2-30325e2694d4,674,10,23528.07,9258.11,3,0
f922d821-90eb-4108-a578-90992fa2875c,697,5,21619.29,89743.19,4,0
6b19fe49-367c-4666-90d2-5fde29f1ca3a,455,9,18164.5,41729.05,3,1
5fb7d803-3ef1-423b-a15e-787afb1ab1d2,746,10,38614.69,49397.74,4,0
2555d0f8-62aa-42ab-84d6-4ded95a1b3f2,631,5,17541.94,75216.0,3,0
de6727cc-394a-4978-b3a5-e38814845842,819,3,33488.7,30266.25,0,1
2362dbc1-8024-4320-80cb-d3132bdb5720,635,2,12428.7,32300.17,0,0
4da72eb9-2a4b-4525-a134-e7a5273dad16,784,6,36105.31,2392.36,0,1
46ab92d9-f256-4b53-a370-539bee4a4b62,336,10,35994.3,81079.71,1,1
7eac13fe-1a96-4afa-acb1-035b262bf187,300,10,78012.59,58397.62,0,0
ed4879e7-efd1-44ee-b287-c4407881307d,488,2,2914.42,73071.32,0,1
13f2a37c-64d0-4759-8542-bd7599e8c828,509,3,5731.81,34115.66,4,0
0266696b-5c2e-4774-9c86-9089b2d94e63,380,7,39817.86,26944.23,4,0
ca6cb87c-dfb8-4708-91d2-125a95e19cb6,639,1,97727.67,37421.26,0,1
ccc819d8-70cc-4ab7-9c0c-96a4bfb51388,809,5,36659.95,32092.77,2,1
b4901da8-af3e-4140-81c9-edfe2ba1c841,423,7,81329.25,2444.75,2,1
e0cfa75e-cd4e-4170-a1a4-7a9ebe2e4d14,482,7,47245.41,33134.06,3,1
2b50fd25-d005-4684-acfe-380685413a07,549,4,35325.57,6041.17,3,0
fc961495-3051-4587-bec9-787d2a0f12d3,318,3,21311.21,9641.11,3,1
6506d17e-3ee0-4812-a9c1-7b107c09d01e,717,3,43236.94,42847.03,4,0
26ae1d34-3421-497d-a683-8040a9ad16dd,642,1,4982.1,81305.45,4,0
dc3f0480-a762-4386-aac9-839409d9bf3b,694,2,4060.52,71555.56,4,1
2f1b6499-0fb2-470e-acaf-85ea20735caf,510,3,13010.33,88598.1,5,0
c7184812-cba6-4229-9819-1e6c9e2e3e9b,678,2,46501.76,77265.85,3,1
07b0cd36-95f0-4aed-ba15-08e72be3edac,578,9,38804.99,69613.82,3,0
38c383b5-dffd-4355-a413-521a6d75ca0f,613,1,32773.27,17611.58,0,1
99f7e937-b48e-4d64-8e93-e03e2f071432,809,3,4239.92,73182.18,2,0
c2185e77-dc58-4a6a-a193-db51f6aca9b4,524,2,13295.1,85542.49,3,1
8f42cebe-23b8-40f3-b7cb-1a27974fdedc,558,10,24224.02,4976.97,5,0
5ffe5273-90c5-422d-8415-e7ebab9c69b5,829,2,31616.09,34577.74,2,0
1db53334-fb03-43a1-9576-d4155ec17dbe,346,8,31488.69,27386.58,0,0
882fb74a-52f7-43b1-b254-0830a45fa9d9,672,2,35124.6,34154.43,2,0
19e4e320-60f8-4d5d-a7f3-cac16517f74f,739,2,7322.17,59325.58,1,1
ae42d03c-5a27-423b-88f0-94395a46b65a,381,1,13672.8,47111.84,0,1
6a2465cf-16c2-44aa-b2f7-8920dd7516f5,535,9,44890.26,87380.52,1,0
ceec7e2d-bbdf-42a2-843f-bf37589d431a,732,7,26464.57,64675.56,5,1
05d79967-6d96-45ef-9426-a5dc3536763b,346,8,6971.17,49792.38,3,1
01b7a7c7-d2a9-483e-b3a3-6fc5de974c55,396,2,47960.93,84490.79,2,0
e897760d-3957-4df7-96a7-ff80d327ed57,759,7,29440.66,81100.42,5,0
fe2285ff-f854-4ac7-90d4-1a342ce2e8dc,533,9,10271.88,26553.33,4,0
785c0f4b-7e4b-4c14-90e4-209b44009123,375,6,44690.34,38569.04,4,1
03ea4544-175e-40ce-aa5a-3489452948ca,441,2,13589.27,32697.46,2,0
f141f687-1660-40d5-ace0-69b2ab8cb1d3,619,9,20879.97,21458.17,2,1
8fde2a35-2034-4d95-999f-f3c7a1326fe7,497,4,11335.9,33044.85,0,1
ef4d478a-b195-485b-9a78-dfc0cc401018,383,2,43203.56,4763.94,5,0
2a68a671-e9df-4835-9871-7fe53edccce0,831,4,43242.62,32819.49,2,0
c40421fb-18fb-4f2c-9602-a43750ea62aa,589,1,20703.42,29632.8,4,0
1f0e68c0-e27d-4d11-abdb-f3dd61dc0c83,746,10,11970.15,70723.92,2,1
b9ef3e8f-233a-4aa0-9d0f-f93dd743993c,367,9,35213.62,3937.85,4,1
2885e5b9-7c46-48f4-b910-2226a8a84175,625,5,24683.85,49994.81,0,0
2180076e-751f-433d-9077-d846139f87be,478,8,21034.88,38398.67,4,1
27ba334f-90be-48d5-9aa9-70d9801abff7,734,8,69376.05,4980.99,1,1
645101b8-6354-4195-8402-5665d065db94,636,2,28836.56,3635.04,0,0
4991ac83-fb4a-4248-a64e-89a31b06cbf4,772,8,31004.21,33750.12,3,1
f29d22af-9e78-419a-b377-591cf5ec28c6,646,5,18977.99,49223.65,1,1
a396599a-43cf-429f-ba5e-991b9321de20,334,8,28290.21,44746.99,4,1
60cb9e8d-d8c9-4c66-8e95-377e3fa0f37b,701,7,42815.46,31112.75,0,0
551a9eb6-dcad-43bf-b755-b4635c340e94,571,4,27993.85,71052.02,0,1
6987b052-7421-4d3e-8dc3-9412d95e17e1,331,10,42477.72,70758.79,5,0
2fa0e8b1-1539-4133-99a7-7bc7fa024298,452,4,19145.0,16748.23,2,0
66f527b1-58fa-43e0-8d78-041a0847204b,482,5,21258.76,16668.06,4,1
a0be6ac0-010e-4920-97da-03ce95a9248a,846,7,3352.06,23601.49,3,1
2d9a707a-44c1-4da8-8923-7f85f2ae38ca,442,6,1606.84,15583.93,4,1
563526b8-24a8-4541-a247-847bca19fff7,356,1,17192.72,56939.48,1,1
c9249c3a-7783-4810-8b80-5cdddf807a41,626,1,48778.86,22628.79,0,1
2fa0e8b1-1539-4133-99a7-7bc7fa024298,466,6,19145.0,13675.96,4,0
2a68a671-e9df-4835-9871-7fe53edccce0,347,9,43242.62,9340.66,2,0
a163a7cf-928c-465a-bb80-5f4f9a7094dc,634,10,10251.14,19463.55,5,1
d872298c-7b72-490b-b8f8-f071d360da69,665,8,44109.27,74704.53,2,1
fc961495-3051-4587-bec9-787d2a0f12d3,452,7,21311.21,20795.07,5,1
ea3a5bf3-6994-4c6d-b590-a2e50c780f2f,652,1,4999.19,41198.38,0,0
653dc7a6-16f0-46fb-939e-bfec55c7166d,722,10,39809.71,71207.07,2,0
c030e1bf-6af2-4870-a752-84ad86c836c0,562,6,45794.55,13032.85,1,1
ace19dae-d2f4-4de2-acf6-db00caaa4e48,498,4,38015.46,63170.59,2,0
ccddab31-f2c9-47fe-b266-ca585fa22c0a,766,6,16990.05,2882.29,2,0
8663ff0e-b1cd-4569-8a0b-7061e0def1a0,495,10,31738.09,9728.94,1,0
afc1a39c-e302-4319-8975-29260df9d636,498,9,43255.25,24428.71,3,1
bf301622-daa0-4363-ad53-2bac5ffa8c9e,398,5,35693.24,46504.13,4,1
adbfcbe7-9a37-41c8-8df7-ba5bf23250cb,377,4,14278.35,8103.95,0,1
64308d4f-3609-469d-bb08-602bedbd3b47,375,10,19436.58,1166.87,1,0
adbfcbe7-9a37-41c8-8df7-ba5bf23250cb,829,10,14278.35,75304.0,4,0
6a3dbb1d-2ffe-449b-9be9-c598af1f9231,409,1,29644.1,67804.29,5,0
42d19381-42c8-463d-9536-ed53fb96f056,546,5,18888.48,21550.73,0,0
6bca1e75-9ae5-438a-b81f-9891daeac25a,563,4,8731.67,88270.25,1,0
e83b5e1f-592f-4f93-898b-55a7094d1c26,544,9,40369.77,88008.87,0,0
46b339a7-d7ea-4cc0-955f-35654a1f73ba,484,3,62511.93,53093.78,1,1
93e4a54f-9a4a-4ab9-8f8e-eff9649d8a0d,677,5,47899.61,70733.74,1,1
58fd9c66-4a93-4c0e-a2e8-440aafc9468a,773,4,2741.07,71980.4,3,0
2c15d6bd-45ce-4d3c-a75e-e5a9dddc046d,769,9,40238.81,761.21,5,0
dc821527-1da3-47e2-8ad6-e514ccc14d51,337,8,28728.56,8898.37,3,1
8a3f761b-2a2e-4ad8-b9c8-9d468203d689,746,10,17886.41,71127.15,2,1
01716f1d-956a-4f20-ae28-3bb72982100c,515,8,15633.75,32862.56,3,0
95919900-5e7c-4aad-b3df-770aad0cabfc,457,5,21658.56,47299.5,2,1
2f1d4b70-ba5a-49ff-b52d-67f6569a6d1f,666,6,19253.56,9021.43,2,0
36b823a7-719d-4bf2-a2b6-51988e65e146,326,7,10791.43,35086.53,1,0
9a1a7d6f-dd02-4100-a3d4-84087de8a234,698,2,10351.91,68313.32,0,0
42ddb7c9-a321-4a0c-b9fc-8f170ac283c6,308,5,13687.32,52071.35,2,0
e1b29967-3791-4e8d-bf07-2b69914f4a00,449,10,38979.42,72432.65,2,0
26d700e8-eb97-45d4-8cf7-bf47fa077600,671,1,539.35,24076.93,4,0
b45da74d-f8e0-4437-b10f-b7eaa3375c22,850,10,29857.01,18418.56,4,0
ccf2ea43-558c-4ac4-bc00-0d99566221a7,444,5,44471.88,5593.34,0,0
511f8dd5-275a-4ef4-a61e-7f99cb75debc,697,4,29176.16,57764.86,2,1
abf5ad77-6b08-4072-99d0-6c3ffc1c99e2,584,5,9527.43,60718.34,3,1
a84cd94a-656f-475e-9969-1df6be961834,561,10,35303.29,39501.84,4,1
e1ef19e7-0534-44ff-a48d-be36cdafb63d,347,1,36126.25,57143.56,5,0
d5c20f8f-49d4-430d-ab21-72c6c24d7215,639,3,47706.4,4991.73,3,1
2a4bb49b-b1bf-4ace-91d0-f15aa8771e07,339,4,52220.9,37803.36,0,0
ef1a030c-fba9-4e75-a0f3-7df2a0fe1900,780,8,18080.0,81526.34,1,0
a012368c-8f40-4920-952d-ea7394f6ca78,539,6,32483.89,84460.47,3,1
a71e5e39-8f4f-4577-ad37-1c4b16254f07,445,4,15835.2,80120.35,4,1
4676f792-6ec4-4a36-87a0-2d7cbc1669d6,711,9,73036.92,7937.64,4,0
59287822-6be8-4f42-a8e0-3a71d5bad1b6,361,9,25631.26,86065.81,1,0
c998bcff-a708-4c7c-b0cf-ee18d9f136d6,474,6,10429.39,42151.5,3,0
9b7f3e35-16fb-488c-9e44-ea1ce188ea61,610,3,34991.29,88789.52,3,1
298b7e5d-5b16-44ad-81e7-74de3c740119,355,8,42572.03,27629.55,3,1
18d5f5a7-e487-41f9-8c72-9ad79caec774,680,8,35194.6,19252.91,3,0
07ee05ad-e63f-4a29-9877-696a6c38ad39,571,5,38830.66,87445.71,1,0
b0f732f7-eb50-45f1-94d0-a31fe1df3b76,587,6,39629.68,52363.99,2,1
81160efd-454e-46ac-b3a9-e6c716b7fd1c,824,4,45252.07,47157.73,1,0
1186da5b-0bb4-4483-a9b6-c5fcdb4fa21f,661,9,17411.02,74564.43,1,0
3612461f-bc6d-474a-8661-0b8d449c8ebf,605,3,21508.32,63822.14,5,1
4b5b9423-dfad-4209-983f-eed4d3909f45,377,7,5055.15,65832.51,4,0
0c10ef01-6411-4d38-aae2-01c0312a4c3c,829,7,47149.42,49874.75,5,1
72b8ffe7-09c1-4ae3-85ee-aa53ff5ce505,827,10,9114.09,69887.8,4,0
6da71dbe-5806-4698-b1b4-84cc03683f70,629,9,8750.62,78937.5,2,1
f2aa3b37-ad13-4d8b-8e95-4fc7c5b3a9fd,788,9,13146.89,19508.24,4,0
20fc8e29-74fb-4857-a23f-c5b9976d9953,800,6,38483.46,16967.82,0,0
4da72eb9-2a4b-4525-a134-e7a5273dad16,488,4,36105.31,35304.27,3,0
2b50fd25-d005-4684-acfe-380685413a07,360,9,62078.12,59682.43,3,0
9fc6ec71-c5e8-4460-b965-f4c904dc6357,843,7,48167.79,72644.38,4,0
dbafeb63-375b-4ffa-a1a3-c32f4087f8b3,329,9,44209.89,33188.13,1,0
81075594-b2e8-4790-a2d6-773cc1ed182d,788,3,17732.17,32121.22,0,1
0c33ceda-a40c-4ab3-9fc7-53aa1d0f64d2,682,10,10556.68,24186.94,0,1
36b823a7-719d-4bf2-a2b6-51988e65e146,307,9,10791.43,29687.82,4,0
e79bf6ef-b8cb-417b-b2fa-d021d76e4963,449,6,14824.26,88253.81,4,0
ccc6315b-4a97-476d-9ce5-adf75264c9a6,687,9,9836.26,44634.98,4,0
ac5a1ea9-dee8-44ce-93d6-ecf1e2327652,700,8,30165.51,20376.41,2,1
3ed4d4f8-2d44-44b2-b0c8-6488eb3c5c6e,801,5,8469.65,22981.89,1,0
ed400239-0602-4362-bf31-214dd8976cc0,754,3,40473.91,19474.95,2,1
25ceb8a9-5a27-4ea3-bd8f-6f0b5eecf190,823,10,22592.87,20467.2,0,1
1c264c56-85f4-4fdd-89a8-15dc7f51b8de,722,8,26701.97,20329.87,2,0
d3ae882d-b530-4240-8314-a9e64663332f,630,2,15033.28,17467.5,0,0
b4c0d639-40c1-45d7-9b74-1ac132ed2a94,767,8,13893.37,65942.55,4,0
226a61dc-9bf7-4163-8c3a-8a168ebc0c79,773,1,11252.93,40454.93,1,0
e5a15243-c728-4f15-b5cb-b690735b3a80,830,7,4053.11,52652.44,3,1
987b0ae0-d15a-4032-9e67-caa0394b47d7,322,3,9514.57,77063.18,5,1
bb3cb9f4-82fb-40a4-9d50-ad8c07fb941f,511,5,38052.66,60868.35,2,1
16197d45-572b-4813-93e1-a0848089a684,836,5,5610.95,76478.72,3,0
f6ba36cb-f2a2-4c9d-bb7b-c56e890bd8ac,352,8,37191.96,52908.6,3,1
08ea0e5f-212d-4d40-b4e8-c0e425606a5e,480,4,4576.13,43916.21,1,0
9069260d-8d75-41a7-a3c2-0fd78c483b01,685,8,9329.38,75470.47,1,0
50835669-836c-4602-9a54-acb2265a9190,472,5,24798.14,60451.57,0,0
ba6ac4ba-9187-4dc5-a73b-c3c6124bfc73,793,3,40752.71,56530.03,2,1
dfea9ee1-2eb4-41ac-8dce-9658d8621586,330,3,29313.97,77704.01,2,1
b9f18a06-8b2e-40d9-be0a-9c75b0a2f841,400,7,21847.45,44820.67,3,1
551a9eb6-dcad-43bf-b755-b4635c340e94,587,6,27993.85,14919.48,3,1
62d33a20-d1e8-41d6-8041-39adc89ab359,398,9,78100.04,59898.29,0,1
a0a9be41-5607-41e4-9f77-135474c91843,673,7,46670.68,87986.36,0,1
38c383b5-dffd-4355-a413-521a6d75ca0f,517,2,32773.27,51039.75,2,1
ec28ce01-3eab-45ca-9941-0b4f9c2dec72,568,10,28358.35,51634.78,0,0
a8294aab-afaf-4b68-a05b-f9e7c42b43fa,398,2,37928.72,61836.42,5,1
bc18a40b-55c7-4d9d-8d49-85dc09aedbd0,835,2,16366.63,53303.06,3,0
15f8850e-5a6e-4090-850f-6aae300ea346,783,6,9156.71,85074.58,5,0
7a089ca8-1cc5-48a0-b43c-7e9d2fdeb035,768,5,23792.06,14426.54,1,0
dbabbd10-c9db-4433-a484-681f761dbd37,475,8,45850.41,1373.11,4,1
e3d936bf-0a1e-4938-ad38-4bd846c8a642,676,10,20712.75,71435.44,3,0
479600c1-2c68-41a0-afed-92693f1f8486,837,3,10748.61,1302.71,0,0
2685b718-cd5c-436c-9199-81ef571f3927,836,4,77343.67,40624.6,4,0
59ecd69b-28d8-4e83-a7d8-62efb30381d6,822,10,79544.06,58988.94,3,0
a8c1e28e-9a57-49d7-a32a-f239c6aa4bed,715,3,36874.65,88769.73,3,1
fe2285ff-f854-4ac7-90d4-1a342ce2e8dc,325,6,10271.88,9820.15,2,0
ccc6315b-4a97-476d-9ce5-adf75264c9a6,489,2,9836.26,25398.44,2,0
f88b6c3b-75fd-4bc0-8ebb-b017ff12a761,772,9,8964.89,68729.38,4,0
6025fad9-f3dd-4342-a766-622e3202034f,421,2,4529.66,6370.54,1,0
d8f12949-8c56-4d25-be7b-f7594dd941c7,668,1,1127.97,26953.66,5,0
8232c528-ae1f-4118-97b0-473f5c139103,521,9,91568.22,19257.59,3,1
e526aac8-c13a-4633-9414-2d65f83f514c,356,1,38142.35,88099.97,1,0
ef31b7de-4cd0-43c5-96f0-99a36a4d8542,603,5,2446.97,88833.88,2,0
37b644e9-be6b-4279-9f2e-4b93253c04e0,596,8,13438.02,41676.51,1,0
3eb74425-c35d-4d07-b329-9c8410c68cfe,638,3,45837.32,1905.37,1,1
de6727cc-394a-4978-b3a5-e38814845842,515,6,33488.7,6781.09,0,0
42245117-14ce-4194-929f-5dc40571bb4d,348,2,43244.49,16831.49,0,1
10c89ccc-a933-4e5f-baae-ab7aaa187982,525,7,8800.01,16952.85,3,1
fa4619f2-0a8f-4a80-aa61-5a6e815aea9d,515,4,47197.07,56141.1,0,0
